,Unnamed: 0,userId,movieId,rating,timestamp
0,0,1,1177,5,978300760
1,1,1,656,3,978302109
2,2,1,903,3,978301968
3,3,1,3340,4,978300275
4,5,1,1180,3,978302268
5,6,1,1268,5,978302039
6,7,1,2736,5,978300719
7,8,1,591,4,978302268
8,10,1,592,5,978824268
9,11,1,927,4,978301752
10,12,1,2330,4,978302281
11,13,1,2850,4,978302124
12,15,1,2723,4,978302188
13,16,1,2619,3,978824268
14,17,1,1950,4,978301777
15,18,1,3037,5,978301713
16,20,1,2253,3,978302205
17,21,1,712,3,978300760
18,22,1,1251,5,978300055
19,23,1,524,5,978824195
20,25,1,48,5,978824351
21,26,1,1082,4,978301953
22,27,1,1673,4,978300055
23,28,1,1507,4,978824139
24,30,1,2226,4,978824291
25,31,1,3118,4,978300019
26,32,1,1527,4,978824330
27,33,1,585,4,978824268
28,35,1,774,4,978824291
29,36,1,1769,5,978300172
30,37,1,1010,5,978300055
31,38,1,2694,4,978302091
32,40,1,1,5,978824268
33,41,1,1893,5,978301590
34,42,1,1894,4,978301753
35,43,1,2624,4,978301570
36,45,1,1016,5,978301777
37,46,1,1017,5,978302205
38,47,1,1190,4,978300719
39,48,1,1960,5,978301619
40,50,1,3046,4,978302174
41,51,1,605,4,978301398
42,52,1,1227,4,978302091
43,53,2,1337,5,978298709
44,55,2,1500,4,978299620
45,56,2,642,3,978299351
46,57,2,2126,4,978299297
47,58,2,643,4,978299913
48,60,2,2560,3,978300051
49,61,2,1088,3,978298905
50,62,2,2848,3,978299809
51,63,2,3400,5,978298542
52,65,2,1733,3,978299941
53,66,2,1642,3,978300174
54,67,2,1196,2,978298458
55,68,2,3510,5,978298958
56,70,2,2962,4,978298434
57,71,2,1200,3,978298151
58,72,2,3037,4,978298673
59,73,2,431,2,978300174
60,75,2,3039,2,978300002
61,76,2,3040,3,978299712
62,77,2,2967,4,978298625
63,78,2,1234,3,978299120
64,80,2,290,3,978300123
65,81,2,2168,5,978299220
66,82,2,3003,4,978299120
67,83,2,891,2,978298905
68,85,2,1240,5,978298841
69,86,2,3079,5,978298652
70,87,2,1506,4,978300174
71,88,2,1274,5,978298261
72,90,2,3187,4,978299321
73,91,2,3188,2,978299839
74,92,2,3189,3,978300073
75,93,2,109,5,978298625
76,95,2,2422,3,978299966
77,96,2,1767,4,978298813
78,97,2,3403,5,978298814
79,98,2,586,4,978299773
80,100,2,3586,3,978298814
81,101,2,2784,3,978298958
82,102,2,1877,5,978298458
83,103,2,971,4,978299269
84,105,2,2790,4,978298434
85,106,2,1208,5,978298391
86,107,2,1960,4,978299773
87,108,2,512,5,978298542
88,110,2,2244,3,978299046
89,111,2,263,4,978299026
90,112,2,1386,3,978299839
91,113,2,1069,3,978298813
92,115,2,477,5,978299809
93,116,2,1418,4,978299297
94,117,2,1999,5,978298625
95,118,2,1246,3,978299712
96,120,2,1177,5,978298413
97,121,2,1741,3,978300002
98,122,2,1352,3,978299941
99,123,2,2285,4,978299861
100,125,2,2359,2,978299913
101,126,2,587,5,978299083
102,127,2,1179,5,978298730
103,128,2,1514,3,978299941
104,130,2,1181,4,978298124
105,131,2,590,5,978298517
106,132,2,2291,3,978299666
107,133,2,94,2,978300143
108,135,2,2503,4,978299773
109,136,2,1849,3,978300174
110,137,2,2328,4,978299641
111,138,2,3667,3,978298814
112,140,2,1557,3,978300025
113,141,2,3741,3,978299712
114,142,2,1886,5,978298841
115,143,2,1887,4,978299200
116,145,2,1109,5,978299418
117,146,2,1889,5,978298750
118,147,2,162,4,978299809
119,148,2,21,1,978299839
120,150,2,2253,3,978299666
121,151,2,1075,2,978298580
122,152,2,377,5,978299809
123,153,2,2433,5,978298600
124,155,2,454,4,978299773
125,156,2,1081,4,978299386
126,157,2,909,5,978298775
127,158,2,456,3,978300002
128,160,2,3350,4,978299809
129,161,2,1365,3,978299966
130,162,2,3383,4,978298924
131,163,2,3027,4,978298517
132,165,2,495,3,978299418
133,166,2,2660,3,978298881
134,167,2,1934,5,978300100
135,168,2,1894,5,978298813
136,170,2,2875,4,978298372
137,171,2,1938,3,978299861
138,172,2,316,5,978298413
139,173,2,1190,4,978298478
140,175,2,3610,3,978299250
141,176,2,1225,3,978299143
142,177,2,353,5,978299686
143,178,2,1226,2,978299200
144,180,2,3824,1,978299535
145,181,2,1228,5,978298652
146,182,3,3353,4,978298147
147,183,3,1596,2,978298430
148,185,3,1374,4,978298147
149,186,3,3466,3,978297068
150,187,3,103,4,978298486
151,188,3,2667,4,978297867
152,190,3,1408,3,978297095
153,191,3,3799,3,978298486
154,192,3,1064,5,978298296
155,193,3,2929,3,978298147
156,195,3,1272,4,978297600
157,196,3,1240,5,978298296
158,197,3,648,4,978297757
159,198,3,2099,5,978297600
160,200,3,3551,2,978298201
161,201,3,258,5,978297512
162,202,3,2790,4,978297039
163,203,3,3046,3,978298103
164,205,3,1242,1,978297663
165,206,3,549,4,978297837
166,207,3,477,4,978297690
167,208,3,1246,2,978298316
168,210,3,725,5,978297757
169,211,3,1179,4,978297539
170,212,3,587,4,978297439
171,213,3,2287,5,978298430
172,215,3,1181,5,978297570
173,216,3,1358,5,978297419
174,217,3,590,3,978297018
175,218,3,1359,4,978297419
176,220,3,1285,5,978298166
177,221,3,1251,3,978298231
178,222,3,2402,4,978297777
179,223,3,3100,4,978297570
180,225,3,1893,4,978297095
181,226,3,3603,5,978297419
182,227,3,1938,4,978297757
183,228,3,2803,4,978297539
184,230,3,1900,4,978297068
185,231,3,1121,5,978298079
186,232,3,2013,4,978298504
187,233,4,3400,5,978294008
188,235,4,2883,4,978294282
189,236,4,1197,4,978294260
190,237,4,1024,4,978294282
191,238,4,258,5,978294199
192,240,4,477,4,978294008
193,241,4,1179,2,978294199
194,242,4,1181,5,978294199
195,243,4,1886,5,978294282
196,245,4,3350,4,978294260
197,246,4,3634,4,978294260
198,247,4,2298,4,978294230
199,248,4,1367,5,978294199
200,250,4,1184,5,978294230
201,251,4,2624,5,978294230
202,252,4,2879,5,978294230
203,253,4,1221,5,978294260
204,255,5,2265,4,978242607
205,256,5,1160,5,978244759
206,257,5,39,3,978245037
207,258,5,286,2,978246585
208,260,5,1499,4,978245513
209,261,5,1372,4,978245645
210,262,5,2200,2,978246033
211,263,5,1440,3,978245695
212,265,5,1638,3,978246108
213,266,5,856,4,978245334
214,267,5,1639,3,978244540
215,268,5,2848,1,978245645
216,270,5,214,3,978245422
217,271,5,1707,4,978245513
218,272,5,498,1,978244001
219,273,5,3510,2,978243803
220,275,5,1231,5,978241112
221,276,5,3725,2,978243170
222,277,5,506,4,978245829
223,278,5,41,4,978244692
224,280,5,1990,1,978245740
225,281,5,3731,3,978243937
226,282,5,2929,5,978241556
227,283,5,47,3,978245334
228,285,5,294,4,978244177
229,286,5,578,3,978244808
230,287,5,1576,3,978244025
231,288,5,720,4,978244759
232,290,5,3011,2,978246162
233,291,5,2492,4,978242977
234,292,5,1841,3,978246479
235,293,5,149,2,978245763
236,295,5,3660,2,978244568
237,296,5,227,3,978246528
238,297,5,6,2,978245916
239,298,5,2938,3,978245422
240,300,5,1034,5,978244114
241,301,5,512,4,978245891
242,302,5,791,2,978244540
243,303,5,50,5,978244205
244,305,5,1175,2,978246426
245,306,5,1176,5,978244493
246,307,5,725,1,978245763
247,308,5,3013,3,978243054
248,310,5,2285,3,978245790
249,311,5,1249,2,978245948
250,312,5,3015,5,978244114
251,313,5,2359,5,978246450
252,315,5,2360,3,978242541
253,316,5,2287,5,978241981
254,317,5,2214,3,978244667
255,318,5,3446,2,978243869
256,320,5,1844,3,978244624
257,321,5,590,4,978244177
258,322,5,2291,3,978245568
259,323,5,2648,3,978242607
260,325,5,2649,1,978241072
261,326,5,2503,5,978244493
262,327,5,2221,4,978244568
263,328,5,161,4,978244624
264,330,5,2948,4,978242016
265,331,5,2002,2,978243121
266,332,5,1657,3,978244517
267,333,5,3095,5,978244852
268,335,5,2223,5,978244808
269,336,5,1592,4,978245314
270,337,5,1260,1,978245314
271,338,5,2653,3,978243121
272,340,5,1853,4,978246162
273,341,5,2657,2,978246162
274,342,5,1855,3,978245314
275,343,5,2512,4,978242607
276,345,5,3676,1,978243896
277,346,5,957,3,978242847
278,347,5,885,4,978244493
279,348,5,2952,1,978245916
280,350,5,316,3,978244177
281,351,5,175,4,978244568
282,352,5,458,3,978244893
283,353,5,605,4,978244177
284,355,5,2091,1,978244808
285,356,5,1667,4,978245891
286,357,5,1598,3,978245916
287,358,5,3181,1,978245916
288,360,5,1671,3,978244205
289,361,5,2738,2,978243085
290,362,5,2666,2,978242788
291,363,5,1604,4,978244667
292,365,5,1945,3,978242934
293,366,5,3032,1,978245645
294,367,5,2884,2,978245790
295,368,5,1196,5,978244177
296,370,5,2531,5,978242323
297,371,5,1469,3,978245314
298,372,5,3037,2,978246576
299,373,5,2891,4,978242541
300,375,5,1673,1,978245763
301,376,5,1674,2,978246108
302,377,5,1605,3,978245314
303,378,5,897,4,978241072
304,380,5,1608,2,978245891
305,381,5,2316,3,978245708
306,382,5,1681,4,978245763
307,383,5,3408,3,978245916
308,385,5,3045,1,978242323
309,386,5,1960,2,978244053
310,387,5,16,3,978245645
311,388,5,263,3,978245037
312,390,5,193,3,978246108
313,391,5,548,4,978246504
314,392,5,1479,4,978242977
315,393,5,2978,3,978244962
316,395,5,1483,4,978245568
317,396,5,1074,5,978244205
318,397,5,3192,4,978245065
319,398,5,902,5,978242740
320,400,5,3340,3,978242323
321,401,5,3341,3,978242541
322,402,5,2539,2,978242607
323,403,5,1425,4,978244830
324,405,5,1685,3,978246450
325,406,5,2322,4,978242679
326,407,5,1686,4,978245334
327,408,5,3198,2,978246162
328,410,5,908,4,978241072
329,411,5,3556,3,978243803
330,412,5,2327,5,978243054
331,413,5,1554,1,978245548
332,415,5,409,2,978245891
333,416,5,2691,3,978242080
334,417,5,983,5,978244540
335,418,5,1816,3,978246576
336,420,5,270,3,978245487
337,421,5,24,1,978242934
338,422,5,2983,2,978241434
339,423,5,345,4,978245863
340,425,5,1078,2,978242080
341,426,5,29,5,978245065
342,427,5,559,4,978244603
343,428,5,1080,4,978245065
344,430,5,1494,4,978245037
345,431,5,3350,3,978244962
346,432,5,2120,1,978241390
347,433,5,494,3,978245687
348,435,5,1696,2,978245663
349,436,5,2840,4,978241981
350,437,5,2694,3,978243054
351,438,5,2624,4,978242977
352,440,5,3431,3,978245065
353,441,5,350,2,978246504
354,442,5,32,4,978244962
355,443,5,1224,3,978244001
356,445,5,1156,4,978244852
357,446,5,3718,3,978241981
358,447,5,34,4,978244603
359,448,5,353,1,978241112
360,450,5,36,3,978244808
361,451,5,706,4,978244493
362,452,6,2338,5,978236670
363,453,6,1086,4,978236670
364,455,6,1018,4,978237691
365,456,6,1643,5,978237570
366,457,6,1023,5,978237767
367,458,6,3510,4,978238195
368,460,6,3433,5,978236670
369,461,6,3004,4,978236075
370,462,6,365,4,978237909
371,463,6,294,2,978237379
372,465,6,3006,5,978238036
373,466,6,1172,4,978236771
374,467,6,3440,3,978238036
375,468,6,585,4,978237511
376,470,6,1031,4,978236219
377,471,6,2790,1,978236809
378,472,6,374,3,978236383
379,473,6,587,3,978237232
380,475,6,594,5,978239019
381,476,6,380,4,978237909
382,477,6,2438,3,978236975
383,478,6,3456,3,978236719
384,480,6,1530,4,978238948
385,481,6,1938,4,978236122
386,482,6,2013,4,978236567
387,483,6,2014,3,978236975
388,485,6,3536,5,978237767
389,486,6,2734,4,978236612
390,487,6,3466,4,978236219
391,488,6,3468,5,978238230
392,490,6,3685,5,978238195
393,491,6,3614,3,978238036
394,492,6,1949,3,978237813
395,493,6,3617,3,978236519
396,495,6,1277,3,978236519
397,496,6,828,4,978237444
398,497,6,995,3,978238036
399,498,6,1879,5,978237767
400,500,6,264,4,978237909
401,501,6,17,4,978236383
402,502,6,3631,4,978236567
403,503,6,1417,4,978236383
404,505,6,901,4,978236122
405,506,6,198,5,978237570
406,507,6,903,5,978237767
407,508,6,3340,5,978238230
408,510,6,3556,4,978238256
409,511,6,2401,3,978236670
410,512,6,2328,4,978236809
411,513,6,2032,3,978236567
412,515,6,2253,3,978237034
413,516,6,1360,5,978237691
414,517,6,909,4,978238851
415,518,6,566,4,978236876
416,520,6,3497,4,978238288
417,521,6,1016,4,978237767
418,522,6,34,4,978237444
419,523,7,643,4,978234737
420,525,7,2848,5,978234842
421,526,7,3510,3,978234737
422,527,7,3725,3,978234737
423,528,7,1569,5,978234786
424,530,7,6,4,978234842
425,531,7,439,4,978234632
426,532,7,725,5,978234842
427,533,7,374,3,978234810
428,535,7,1179,5,978234632
429,536,7,2503,5,978234786
430,537,7,377,5,978234874
431,538,7,1929,5,978234737
432,540,7,454,5,978234786
433,541,7,1534,4,978234874
434,542,7,3685,4,978234737
435,543,7,3039,3,978234898
436,545,7,1674,4,978234874
437,546,7,3188,5,978234874
438,547,7,1540,4,978234842
439,548,7,109,5,978234786
440,550,7,1960,5,978234786
441,551,7,477,4,978234607
442,552,7,346,5,978234874
443,553,7,3350,3,978234810
444,555,8,2268,3,978230120
445,556,8,286,5,978229391
446,557,8,3357,3,978231982
447,558,8,2200,3,978230852
448,560,8,1373,5,978229702
449,561,8,1637,4,978230852
450,562,8,2848,5,978229172
451,563,8,503,3,978230483
452,565,8,3145,3,978233462
453,566,8,42,3,978232754
454,567,8,645,5,978230943
455,568,8,3432,3,978232754
456,570,8,3079,5,978230550
457,571,8,3080,3,978230248
458,572,8,2634,3,978230943
459,573,8,2210,3,978229293
460,575,8,2422,2,978229293
461,576,8,586,5,978229138
462,577,8,1769,4,978231592
463,578,8,1647,3,978231121
464,580,8,150,4,978231150
465,581,8,1,4,978233496
466,582,8,507,3,978232056
467,583,8,4,3,978232203
468,585,8,2790,5,978229817
469,586,8,1579,3,978230966
470,587,8,1246,5,978229524
471,588,8,725,3,978229347
472,590,8,3087,3,978232231
473,591,8,2359,5,978229204
474,592,8,58,5,978230286
475,593,8,2644,3,978230886
476,595,8,1772,4,978230577
477,596,8,2503,5,978229172
478,597,8,1848,5,978229293
479,598,8,1459,3,978231982
480,600,8,1105,4,978230391
481,601,8,160,3,978230435
482,602,8,162,5,978229246
483,603,8,1389,5,978230391
484,605,8,1046,3,978229614
485,606,8,524,4,978229857
486,607,8,451,3,978231173
487,608,8,1654,4,978231659
488,610,8,732,5,978233526
489,611,8,1657,5,978229900
490,612,8,1258,3,978229614
491,613,8,2223,5,978229702
492,615,8,3460,4,978231687
493,616,8,2229,3,978231252
494,617,8,3318,3,978229979
495,618,8,1938,3,978229347
496,620,8,462,5,978231173
497,621,8,1664,3,978231890
498,622,8,535,3,978230391
499,623,8,390,2,978229138
500,625,8,1337,4,978230800
501,626,8,73,4,978230286
502,627,8,3178,4,978230391
503,628,8,3105,2,978232012
504,630,8,104,4,978232056
505,631,8,1193,4,978228789
506,632,8,1196,5,978229817
507,633,8,251,5,978230943
508,635,8,3039,5,978229246
509,636,8,3182,3,978230184
510,637,8,3184,3,978230013
511,638,8,1673,5,978230800
512,640,8,3188,5,978229347
513,641,8,897,5,978228882
514,642,8,3189,3,978247143
515,643,8,1608,5,978230886
516,645,8,109,5,978229172
517,646,8,110,5,978228832
518,647,8,3191,4,978231571
519,648,8,3118,4,978230852
520,650,8,1955,3,978231802
521,651,8,14,4,978230756
522,652,8,1960,5,978229138
523,653,8,334,5,978230248
524,655,8,16,4,978230095
525,656,8,264,4,978231614
526,657,8,17,4,978229571
527,658,8,2246,3,978232056
528,660,8,477,5,978228960
529,661,8,267,4,978231121
530,662,8,552,4,978229204
531,663,8,1741,3,978232056
532,665,8,1682,4,978230013
533,666,8,1615,3,978230611
534,667,8,3197,5,978229138
535,668,8,1687,4,978229614
536,670,8,3413,4,978228882
537,671,8,2328,5,978229524
538,672,8,2618,4,978230152
539,673,8,2620,3,978231429
540,675,8,2252,2,978231802
541,676,8,24,4,978230966
542,677,8,25,5,978229477
543,678,8,2256,3,978230483
544,680,8,559,5,978230184
545,681,8,2261,5,978229900
546,682,8,1747,2,978231031
547,683,8,2473,3,978231031
548,685,8,1628,5,978230356
549,686,8,2840,3,978230052
550,687,8,1633,5,978230649
551,688,8,2624,5,978229138
552,690,8,2631,5,978229347
553,691,8,280,3,978231802
554,692,8,36,4,978230013
555,693,9,2200,4,978226495
556,695,9,1373,3,978226081
557,696,9,851,2,978226665
558,697,9,1637,4,978226302
559,698,9,3649,3,978225709
560,700,9,3725,4,978225581
561,701,9,712,4,978225898
562,702,9,364,3,978226678
563,703,9,47,5,978226093
564,705,9,3080,3,978225827
565,706,9,1576,4,978225924
566,707,9,2210,4,978226665
567,708,9,221,4,978226165
568,710,9,3230,4,978225686
569,711,9,1,5,978225952
570,712,9,2938,3,978226041
571,713,9,2790,4,978225333
572,715,9,50,4,978225333
573,716,9,1246,4,978226066
574,717,9,796,3,978226564
575,718,9,3442,3,978225570
576,720,9,1514,2,978225489
577,721,9,587,5,978226434
578,722,9,3445,3,978225730
579,723,9,2287,4,978226054
580,725,9,590,5,978225314
581,726,9,2503,5,978225984
582,727,9,594,3,978226473
583,728,9,298,4,978226277
584,730,9,161,4,978226023
585,731,9,521,4,978226599
586,732,9,3233,2,978225718
587,733,9,1323,3,978226261
588,735,9,3092,3,978225984
589,736,9,526,5,978226564
590,737,9,454,5,978226006
591,738,9,1657,4,978225924
592,740,9,3384,2,978225746
593,741,9,2226,4,978226678
594,742,9,1853,4,978226368
595,743,9,1594,4,978226109
596,745,9,1727,3,978226109
597,746,9,1047,4,978226261
598,747,9,316,5,978225883
599,748,9,605,4,978225898
600,750,9,1338,4,978226207
601,751,9,3110,3,978224908
602,752,9,3683,4,978224859
603,753,9,1193,4,978224893
604,755,9,1196,4,978225314
605,756,9,3687,2,978225613
606,757,9,2531,2,978225952
607,758,9,2234,4,978226463
608,760,9,2891,4,978226123
609,761,9,1133,4,978225333
610,762,9,2098,4,978226197
611,763,9,1673,5,978226248
612,765,9,3187,4,978226216
613,766,9,1608,4,978226619
614,767,9,828,3,978226495
615,768,9,1544,5,978226233
616,770,9,1206,4,978225968
617,771,9,2822,5,978226291
618,772,9,1960,5,978225908
619,773,9,3046,4,978225952
620,775,9,477,4,978226448
621,776,9,1074,4,978225968
622,777,9,901,4,978224879
623,778,9,1422,3,978226150
624,780,9,3555,4,978225671
625,781,9,769,5,978226248
626,782,9,1624,3,978226150
627,783,9,3416,2,978225778
628,785,9,3847,3,978225153
629,786,9,983,4,978226328
630,787,9,1215,3,978225303
631,788,9,1288,4,978225429
632,790,9,2256,5,978226066
633,791,9,346,4,978226564
634,792,9,909,3,978225401
635,793,9,3202,3,978226448
636,795,9,1893,5,978224859
637,796,9,2624,4,978225429
638,797,9,1291,3,978226006
639,798,9,425,3,978226580
640,800,10,643,4,978224925
641,801,10,2560,3,978228408
642,802,10,3290,5,978226378
643,803,10,3291,3,978227125
644,805,10,1704,4,978228655
645,806,10,1301,3,978230837
646,807,10,2056,3,978229208
647,808,10,2057,5,979167795
648,810,10,1986,4,978229409
649,811,10,1233,3,979775409
650,812,10,1234,5,978226866
651,813,10,712,5,979775240
652,815,10,1235,3,978226254
653,816,10,3800,3,978230562
654,817,10,1237,3,979168591
655,818,10,3432,5,978228153
656,820,10,3433,5,978228911
657,821,10,2929,4,978226026
658,822,10,1240,3,979168564
659,823,10,648,4,978227051
660,825,10,3295,5,978227696
661,826,10,583,3,978228747
662,827,10,584,5,978227028
663,828,10,3370,3,979168346
664,830,10,3371,2,978229894
665,831,10,586,4,978226128
666,832,10,1645,4,978230253
667,833,10,3228,4,978226103
668,835,10,149,5,978226319
669,836,10,2428,4,978227087
670,837,10,1,5,978226474
671,838,10,2429,4,978229979
672,840,10,2430,4,979776161
673,841,10,152,3,978229917
674,842,10,7,4,978227763
675,843,10,2065,4,978229171
676,845,10,3879,4,978295480
677,846,10,2068,4,978230063
678,847,10,2069,4,978227842
679,848,10,1386,4,978227188
680,850,10,2070,3,978228848
681,851,10,1387,5,978229624
682,852,10,1999,3,979167600
683,853,10,1246,5,979167660
684,855,10,1250,5,978226500
685,856,10,1179,5,979168108
686,857,10,587,5,978227646
687,858,10,1180,5,979167660
688,860,10,2572,5,979168210
689,861,10,589,4,978227263
690,862,10,591,5,978226913
691,863,10,2648,4,978225952
692,865,10,2649,4,979775973
693,866,10,2503,5,979168108
694,867,10,593,4,978228174
695,868,10,3379,5,980638373
696,870,10,1850,3,978230230
697,871,10,2072,5,979168295
698,872,10,1389,4,978226287
699,873,10,2004,4,978230923
700,875,10,1252,5,978226349
701,876,10,1325,3,978229295
702,877,10,2009,3,979775266
703,878,10,2010,4,978227646
704,880,10,734,3,978224375
705,881,10,666,3,978228408
706,882,10,1259,5,978225922
707,883,10,736,5,979168564
708,885,10,3457,2,978226500
709,886,10,1853,4,978227503
710,887,10,1855,5,978228288
711,888,10,1859,3,978225599
712,890,10,2589,4,978224779
713,891,10,3320,3,978230736
714,892,10,1727,5,979168470
715,893,10,314,5,978227503
716,895,10,316,4,979775159
717,896,10,246,5,978229811
718,897,10,2012,4,978226866
719,898,10,2013,5,978228053
720,900,10,1263,5,978224549
721,901,10,1336,5,978227871
722,902,10,1264,3,980638614
723,903,10,741,4,979775386
724,905,10,2019,5,979775738
725,906,10,1267,5,979167906
726,907,10,1268,3,978227425
727,908,10,2736,5,978227003
728,910,10,2594,4,978227529
729,911,10,3398,5,979168267
730,912,10,3032,3,978227105
731,913,10,2232,5,978225682
732,915,10,179,2,978226766
733,916,10,2531,5,979168618
734,917,10,2234,5,978227317
735,918,10,326,5,978229147
736,920,10,3040,5,979168036
737,921,10,2967,3,978225997
738,922,10,185,3,978229938
739,923,10,2093,5,978228212
740,925,10,2022,4,978228820
741,926,10,2971,4,978228053
742,927,10,2023,3,978230593
743,928,10,891,5,979167926
744,930,10,2025,4,978229624
745,931,10,1272,5,978225735
746,932,10,893,4,979775329
747,933,10,2026,4,978229097
748,935,10,1274,4,978225682
749,936,10,2028,5,979775364
750,937,10,1275,4,978225952
751,938,10,756,4,978230330
752,940,10,2678,5,978228307
753,941,10,997,5,979168267
754,942,10,1879,5,978226805
755,943,10,1880,4,978224400
756,945,10,258,5,979168077
757,946,10,3046,4,978225759
758,947,10,2244,5,978224549
759,948,10,336,5,979167945
760,950,10,2248,4,978229666
761,951,10,1417,5,978228451
762,952,10,1483,3,978227961
763,953,10,1351,4,978229517
764,955,10,1352,4,978228288
765,956,10,901,3,978225708
766,957,10,902,3,978225900
767,958,10,1354,4,979168160
768,960,10,1355,4,978228212
769,961,10,904,5,978227215
770,962,10,1356,4,979168132
771,963,10,1357,3,978229894
772,965,10,907,5,978227215
773,966,10,908,5,978225561
774,967,10,1000,3,978227462
775,968,10,3413,4,978225050
776,970,10,3561,3,978225428
777,971,10,1003,3,978230923
778,972,10,1004,5,978229171
779,973,10,1886,3,978225735
780,975,10,1816,2,978229772
781,976,10,3421,4,979168295
782,977,10,1891,5,978230330
783,978,10,341,4,978229343
784,980,10,2253,4,978227336
785,981,10,273,4,979776321
786,982,10,2256,5,978226287
787,983,10,2184,5,980638688
788,985,10,1360,5,978229336
789,986,10,909,5,978227029
790,987,10,912,3,980638575
791,988,10,913,3,979168183
792,990,10,3634,3,978226103
793,991,10,771,5,978228625
794,992,10,3635,2,978226805
795,993,10,1367,3,978225952
796,995,10,3636,2,978228364
797,996,10,1008,3,978228726
798,997,10,775,3,978230946
799,998,10,848,3,978224375
800,1000,10,2694,5,978225541
801,1001,10,1011,5,979775485
802,1002,10,1893,5,979775330
803,1003,10,1013,4,978228074
804,1005,10,1016,5,978226068
805,1006,10,1899,5,978227442
806,1007,10,348,4,978229562
807,1008,10,32,5,979168160
808,1010,10,353,5,978226833
809,1011,10,354,5,979167887
810,1012,10,2337,4,978230754
811,1013,10,2339,5,979168184
812,1015,10,2998,2,978226866
813,1016,10,2125,5,979168295
814,1017,10,921,2,979167985
815,1018,10,1374,3,979168401
816,1020,10,1086,4,978228153
817,1021,10,1018,3,978230946
818,1022,10,2702,4,978230253
819,1023,10,1019,4,978228546
820,1025,10,1020,4,978228428
821,1026,10,2850,5,978225922
822,1027,10,1023,5,979775485
823,1028,10,432,4,978229498
824,1030,10,290,4,978228798
825,1031,10,364,4,979168267
826,1032,10,3004,4,978228930
827,1033,10,365,4,978227003
828,1035,10,1506,4,978224749
829,1036,10,1576,3,979775159
830,1037,10,932,4,978227166
831,1038,10,3655,4,978226896
832,1040,10,2790,3,978224627
833,1041,10,367,3,978229389
834,1042,10,2355,5,978228930
835,1043,10,3085,2,978229791
836,1045,10,3087,5,978224705
837,1046,10,2287,4,978226500
838,1047,10,3018,4,978227574
839,1048,10,3019,5,978226500
840,1050,10,943,5,978225922
841,1051,10,3741,5,978228451
842,1052,10,3523,5,978228525
843,1053,10,2795,4,978226443
844,1055,10,3525,4,979776253
845,1056,10,2723,4,978224705
846,1057,10,1110,4,978229562
847,1058,10,517,4,978230923
848,1060,10,1112,4,979168108
849,1061,10,2727,3,979168510
850,1062,10,1114,4,979168210
851,1063,10,2729,5,979168267
852,1065,10,2433,5,978226402
853,1066,10,524,4,979775615
854,1067,10,2363,5,978229147
855,1068,10,62,5,978227051
856,1070,10,3241,3,979775054
857,1071,10,1591,4,978229266
858,1072,10,2368,5,978229227
859,1073,10,2223,4,978226896
860,1075,10,2226,4,978227625
861,1076,10,3029,5,978226951
862,1077,10,1527,3,978230330
863,1078,10,1594,2,979167795
864,1080,10,3744,4,978229959
865,1081,10,1932,5,978226319
866,1082,10,952,5,978227669
867,1083,10,1933,4,978227669
868,1085,10,1934,4,978229562
869,1086,10,1184,2,978225853
870,1087,10,1935,4,978227807
871,1088,10,3603,4,978226287
872,1090,10,1937,4,978229459
873,1091,10,1187,4,978225456
874,1092,10,1938,3,979167842
875,1093,10,958,3,979167867
876,1095,10,3607,5,978224779
877,1096,10,2878,3,979168591
878,1097,10,887,4,979167630
879,1098,10,1941,4,979168210
880,1100,10,888,4,979167758
881,1101,10,1120,4,978229435
882,1102,10,2880,4,978227166
883,1103,10,1121,4,979168424
884,1105,10,2303,4,978227625
885,1106,10,3179,4,978227481
886,1107,10,3106,4,978228364
887,1108,10,3107,5,979168132
888,1110,10,1534,5,978229389
889,1111,10,103,3,978227551
890,1112,10,2310,3,978230187
891,1113,10,960,5,978227551
892,1115,10,3683,5,978224549
893,1116,10,1193,4,978224400
894,1117,10,1944,5,978228174
895,1118,10,1947,5,978228601
896,1120,10,1198,4,978225824
897,1121,10,1950,4,978227993
898,1122,10,1059,5,979168267
899,1123,10,3620,3,978230022
900,1125,10,538,5,978225630
901,1126,10,539,4,978230386
902,1127,10,1133,5,978225541
903,1128,10,540,4,978228848
904,1130,10,3184,3,978228727
905,1131,10,1673,3,979167842
906,1132,10,3186,3,978230540
907,1133,10,3187,4,978227143
908,1135,10,109,4,978225853
909,1136,10,1540,5,978226401
910,1137,10,1608,5,978227239
911,1138,10,2461,4,978226866
912,1140,10,3191,5,978228644
913,1141,10,1543,4,978230461
914,1142,10,1544,5,979168108
915,1143,10,3121,4,978225033
916,1145,10,1546,4,978229979
917,1146,10,1953,4,979168295
918,1147,10,1203,4,978227912
919,1148,10,1204,3,980638633
920,1150,10,1208,4,979775131
921,1151,10,1065,5,978225824
922,1152,10,2899,4,978227848
923,1153,10,2900,4,979168160
924,1155,10,1069,4,978226698
925,1156,10,3631,5,978226866
926,1157,10,477,4,978224705
927,1158,10,1073,5,978227300
928,1160,10,3340,4,978225070
929,1161,10,3196,3,978230671
930,1162,10,3126,4,978226349
931,1163,10,2325,4,978228074
932,1165,10,2328,5,979167660
933,1166,10,2330,5,979775266
934,1167,10,2032,5,978226739
935,1168,10,2331,4,978224821
936,1170,10,1212,4,978226968
937,1171,10,2037,5,979168309
938,1172,10,1285,3,979168618
939,1173,10,1965,3,978224675
940,1175,10,2040,5,979167867
941,1176,10,1216,4,978225630
942,1177,10,1288,5,978226546
943,1178,10,2041,4,978229007
944,1180,10,1082,5,979168108
945,1181,10,2402,5,978228118
946,1182,10,2549,4,978227696
947,1183,10,3279,5,979775575
948,1185,10,1631,4,978229028
949,1186,10,207,4,978230132
950,1187,10,2043,4,978228798
951,1188,10,1972,4,978227003
952,1190,10,2047,5,978227934
953,1191,10,1221,5,979775448
954,1192,10,3859,4,978228307
955,1193,10,1975,5,978228989
956,1195,10,1977,3,978228575
957,1196,10,1978,4,978228966
958,1197,10,1979,4,978229459
959,1198,10,1228,3,979167795
960,1200,11,1701,4,978904024
961,1201,11,1637,1,978902586
962,1202,11,215,4,978904376
963,1203,11,2929,4,978902286
964,1205,11,1172,4,978220319
965,1206,11,2638,2,978902286
966,1207,11,583,1,978904356
967,1208,11,584,3,978219045
968,1210,11,2068,1,978903743
969,1211,11,1246,3,978219815
970,1212,11,2642,3,978220867
971,1213,11,658,4,978904024
972,1215,11,1180,5,978903297
973,1216,11,2644,1,978220669
974,1217,11,1181,4,978218913
975,1218,11,590,5,978219607
976,1220,11,594,3,978220521
977,1221,11,3380,4,978903351
978,1222,11,229,3,978904192
979,1223,11,1721,4,978903927
980,1225,11,1259,3,978903297
981,1226,11,1855,5,978220393
982,1227,11,2512,5,978220030
983,1228,11,1727,5,978219917
984,1230,11,244,4,978902439
985,1231,11,247,3,978220645
986,1232,11,1338,5,978219776
987,1233,11,1269,4,978903107
988,1235,11,3540,4,978903365
989,1236,11,2738,1,978904615
990,1237,11,3328,1,978903107
991,1238,11,3033,1,978902406
992,1240,11,2234,4,978220896
993,1241,11,3037,5,978219702
994,1242,11,3039,3,978221143
995,1243,11,2238,1,978904849
996,1245,11,2678,4,978903773
997,1246,11,330,4,978904356
998,1247,11,1417,3,978902349
999,1248,11,2106,4,978903278
1000,1250,11,769,4,978219895
1001,1251,11,2615,4,978904242
1002,1252,11,339,3,978221632
1003,1253,11,1819,2,978902286
1004,1255,11,270,2,978902477
1005,1256,11,2253,3,978903107
1006,1257,11,2257,3,978904615
1007,1258,11,3061,4,978903701
1008,1260,11,775,2,978904376
1009,1261,11,2839,2,978904916
1010,1262,11,2694,5,978219815
1011,1263,11,779,1,978904053
1012,1265,11,3431,2,978902477
1013,1266,11,353,5,978903209
1014,1267,11,354,1,978903395
1015,1268,11,36,3,978902405
1016,1270,11,1435,1,978904682
1017,1271,11,1374,4,978902965
1018,1272,11,2850,5,978903129
1019,1273,11,432,1,978904682
1020,1275,11,3078,3,978904939
1021,1276,11,3080,4,978220521
1022,1277,11,1508,4,978902521
1023,1278,11,1030,2,978221225
1024,1280,11,437,2,978220361
1025,1281,11,438,3,978220561
1026,1282,11,512,3,978220867
1027,1283,11,50,5,978219607
1028,1285,11,2214,4,978902522
1029,1286,11,2291,2,978903379
1030,1287,11,3741,5,978903728
1031,1288,11,2723,4,978903186
1032,1290,11,1046,4,978220622
1033,1291,11,451,2,978220930
1034,1292,11,1654,4,978221676
1035,1293,11,3092,4,978220432
1036,1295,11,1657,5,978219701
1037,1296,11,2439,1,978904711
1038,1297,11,1524,5,978221617
1039,1298,11,1467,3,978221017
1040,1300,11,528,3,978902521
1041,1301,11,605,5,978219667
1042,1302,11,3106,2,978903658
1043,1303,11,3181,1,978221581
1044,1305,11,1534,1,978221307
1045,1306,11,3110,4,978221047
1046,1307,11,103,5,978903811
1047,1308,11,1196,4,978902439
1048,1310,11,2815,3,978903186
1049,1311,11,2891,5,978220687
1050,1312,11,540,5,978219917
1051,1313,11,3187,3,978220577
1052,1315,11,85,1,978902286
1053,1316,11,109,3,978902349
1054,1317,11,88,4,978904663
1055,1318,11,975,1,978220829
1056,1320,11,548,3,978221164
1057,1321,11,477,4,978220743
1058,1322,11,478,5,978221260
1059,1323,11,1074,5,978219776
1060,1325,11,2471,4,978904142
1061,1326,11,1620,2,978904327
1062,1327,11,2328,2,978902561
1063,1328,11,983,5,978219733
1064,1330,11,2041,5,978903658
1065,1331,11,1288,3,978903076
1066,1332,11,700,1,978902586
1067,1333,11,3350,5,978219776
1068,1335,11,1696,3,978220867
1069,1336,11,1225,4,978903024
1070,1337,12,1233,3,978220237
1071,1338,12,3294,3,978220273
1072,1340,12,1181,5,978218949
1073,1341,12,590,5,978220193
1074,1342,12,804,3,978218949
1075,1343,12,3828,4,978218949
1076,1345,12,908,5,978220120
1077,1346,12,912,5,978220237
1078,1347,12,848,5,978218949
1079,1348,12,923,2,978218568
1080,1350,12,1596,3,978218568
1081,1351,12,110,5,978220179
1082,1352,12,1204,5,978218949
1083,1353,12,3197,4,978218916
1084,1355,12,1215,3,978220120
1085,1356,12,987,4,978218568
1086,1357,12,2548,1,978218568
1087,1358,12,3717,3,978218568
1088,1360,13,2919,3,978202328
1089,1361,13,643,3,978201927
1090,1362,13,2560,3,978201987
1091,1363,13,1986,3,978202563
1092,1365,13,586,5,978201811
1093,1366,13,1645,3,978202057
1094,1367,13,2,3,978202563
1095,1368,13,152,3,978202125
1096,1370,13,2067,3,978202543
1097,1371,13,1243,4,978202201
1098,1372,13,1179,5,978201342
1099,1373,13,587,4,978202246
1100,1375,13,728,4,978202073
1101,1376,13,1181,5,978202201
1102,1377,13,2572,3,978202377
1103,1378,13,589,3,978202377
1104,1380,13,590,5,978201672
1105,1381,13,2503,5,978201740
1106,1382,13,164,3,978201946
1107,1383,13,314,3,978202524
1108,1385,13,1406,3,978201843
1109,1386,13,1336,4,978201843
1110,1387,13,1268,5,978202219
1111,1388,13,326,4,978201987
1112,1390,13,2093,4,978202353
1113,1391,13,1272,4,978201320
1114,1392,13,2026,3,978202089
1115,1393,13,997,2,978202563
1116,1395,13,10,3,978201884
1117,1396,13,258,5,978202219
1118,1397,13,1350,3,978201859
1119,1398,13,1352,4,978201884
1120,1400,13,1354,4,978202328
1121,1401,13,1355,3,978202563
1122,1402,13,1356,3,978202353
1123,1403,13,1357,3,978202039
1124,1405,13,2754,3,978202577
1125,1406,13,2618,4,978201777
1126,1407,13,21,3,978201884
1127,1408,13,346,3,978202353
1128,1410,13,771,4,978201927
1129,1411,13,3426,2,978202393
1130,1412,13,418,5,978202491
1131,1413,13,1899,3,978202377
1132,1415,13,2848,3,978201927
1133,1416,13,431,3,978202151
1134,1417,13,1569,3,978201761
1135,1418,13,3002,1,978202328
1136,1420,13,365,2,978201969
1137,1421,13,294,4,978201368
1138,1422,13,1506,4,978202073
1139,1423,13,1451,3,978202104
1140,1425,13,514,3,978202151
1141,1426,13,50,4,978201724
1142,1427,13,941,3,978202328
1143,1428,13,1112,4,978202328
1144,1430,13,377,3,978201927
1145,1431,13,524,5,978201660
1146,1432,13,60,2,978202491
1147,1433,13,454,2,978201811
1148,1435,13,1934,3,978202104
1149,1436,13,1937,2,978202433
1150,1437,13,3677,3,978201368
1151,1438,13,1938,3,978201843
1152,1440,13,2803,3,978202282
1153,1441,13,2302,4,978202417
1154,1442,13,3107,3,978202377
1155,1443,13,1193,4,978202282
1156,1445,13,1059,3,978202246
1157,1446,13,1674,3,978201969
1158,1447,13,3188,3,978201946
1159,1448,13,2460,3,978202524
1160,1450,13,109,4,978201777
1161,1451,13,1547,3,978202543
1162,1452,13,1960,4,978201687
1163,1453,13,2900,3,978202417
1164,1455,13,549,3,978202543
1165,1456,13,477,4,978202328
1166,1457,13,3201,3,978202524
1167,1458,13,2037,3,978202393
1168,1460,13,1082,5,978201368
1169,1461,13,3349,3,978202283
1170,1462,13,3350,3,978201825
1171,1463,13,2548,3,978202089
1172,1465,13,2549,3,978201969
1173,1466,13,2047,3,978202417
1174,1467,13,1978,4,978202417
1175,1468,14,3286,3,978200924
1176,1470,14,1244,5,978201280
1177,1471,14,2504,1,978200645
1178,1472,14,2663,4,978201317
1179,1473,14,2965,4,978200320
1180,1475,14,3555,3,978200924
1181,1476,14,2758,2,978200645
1182,1477,14,2618,5,978200975
1183,1478,14,2694,5,978201003
1184,1480,14,2626,1,978200689
1185,1481,14,1900,2,978200300
1186,1482,14,3510,4,978200828
1187,1483,14,294,5,978201244
1188,1485,14,1914,1,978200340
1189,1486,14,2790,3,978200645
1190,1487,14,3013,4,978201003
1191,1488,14,605,1,978201244
1192,1490,14,1208,4,978201317
1193,1491,14,2328,4,978201003
1194,1492,14,2908,3,978200300
1195,1493,15,3353,4,978196170
1196,1495,15,3286,2,978196692
1197,1496,15,2417,3,978196817
1198,1497,15,140,4,978198350
1199,1498,15,2058,3,978212274
1200,1500,15,3730,4,978196866
1201,1501,15,2929,2,978196418
1202,1502,15,648,2,978212570
1203,1503,15,2634,1,978196848
1204,1505,15,2639,4,978196389
1205,1506,15,584,3,978198535
1206,1507,15,2422,4,978196741
1207,1508,15,1841,4,978198907
1208,1510,15,3230,4,978196418
1209,1511,15,2428,3,978198493
1210,1512,15,2936,2,978196389
1211,1513,15,2937,4,978196442
1212,1515,15,3879,3,978197734
1213,1516,15,1246,3,978198201
1214,1517,15,796,4,978198420
1215,1518,15,1177,4,978199279
1216,1520,15,3442,5,978361393
1217,1521,15,1179,4,978212628
1218,1522,15,2644,3,978196521
1219,1523,15,1181,4,978196126
1220,1525,15,590,4,978199279
1221,1526,15,1772,2,978197493
1222,1527,15,2503,4,978197870
1223,1528,15,298,4,978197928
1224,1530,15,229,2,978198790
1225,1531,15,159,2,978212507
1226,1532,15,1721,3,978198394
1227,1533,15,160,4,978212013
1228,1535,15,1323,3,978198323
1229,1536,15,1252,3,978198104
1230,1537,15,739,3,978196103
1231,1538,15,2656,3,978196817
1232,1540,15,2513,3,978196692
1233,1541,15,3318,2,978212416
1234,1542,15,1726,2,978212494
1235,1543,15,1727,3,978198125
1236,1545,15,1399,4,978212463
1237,1546,15,3466,3,978196348
1238,1547,15,3393,4,978212698
1239,1548,15,3467,2,978197348
1240,1550,15,2234,3,978198379
1241,1551,15,1469,3,978212166
1242,1552,15,3037,3,978198125
1243,1553,15,255,3,978212463
1244,1555,15,2093,2,978212698
1245,1556,15,1272,2,978212645
1246,1557,15,822,4,978198581
1247,1558,15,753,3,978212352
1248,1560,15,258,4,978212645
1249,1561,15,3045,4,978196499
1250,1562,15,264,4,978198907
1251,1563,15,1350,4,978198772
1252,1565,15,3556,4,978197054
1253,1566,15,2758,4,978196348
1254,1567,15,2615,4,978196389
1255,1568,15,1815,3,978198442
1256,1570,15,1817,2,978198150
1257,1571,15,2620,3,978196546
1258,1572,15,341,4,978198640
1259,1573,15,2253,2,978198301
1260,1575,15,2120,3,978196348
1261,1576,15,771,2,978198735
1262,1577,15,2840,3,978198266
1263,1578,15,2694,4,978196817
1264,1580,15,779,3,978198874
1265,1581,15,3498,2,978197314
1266,1582,15,2696,3,978212254
1267,1583,15,2626,4,978196418
1268,1585,15,3431,4,978198323
1269,1586,15,1900,4,978196188
1270,1587,15,32,3,978198235
1271,1588,15,353,4,978198169
1272,1590,15,1567,3,978198379
1273,1591,15,2200,4,978196975
1274,1592,15,1440,4,978212166
1275,1593,15,1376,4,978198442
1276,1595,15,2773,4,978196848
1277,1596,15,3649,3,978196546
1278,1597,15,2848,4,978197453
1279,1598,15,2702,1,978196442
1280,1600,15,497,4,978198493
1281,1601,15,3510,5,978196546
1282,1602,15,431,3,978212329
1283,1603,15,361,4,978198062
1284,1605,15,364,4,978212166
1285,1606,15,3077,3,978198535
1286,1607,15,365,3,978198493
1287,1608,15,47,4,978198104
1288,1610,15,294,3,978197928
1289,1611,15,3079,4,978197971
1290,1612,15,2204,3,978198907
1291,1613,15,3080,4,978197985
1292,1615,15,1576,3,978212113
1293,1616,15,1577,4,978211867
1294,1617,15,2210,2,978212210
1295,1618,15,3655,4,978198394
1296,1620,15,439,3,978198790
1297,1621,15,514,3,978212463
1298,1622,15,50,4,978197842
1299,1623,15,2356,3,978197100
1300,1625,15,3087,4,978196389
1301,1626,15,2359,2,978212046
1302,1627,15,1583,4,978198456
1303,1628,15,1456,3,978198548
1304,1630,15,521,4,978198150
1305,1631,15,3233,2,978212228
1306,1632,15,377,3,978197453
1307,1633,15,2433,4,978198125
1308,1635,15,3092,2,978196657
1309,1636,15,1655,3,978212590
1310,1637,15,454,4,978197971
1311,1638,15,2438,2,978198277
1312,1640,15,1657,4,978197887
1313,1641,15,1594,2,978198201
1314,1642,15,1932,4,978197004
1315,1643,15,1933,4,978197004
1316,1645,15,1938,4,978197453
1317,1646,15,70,2,978212287
1318,1647,15,536,4,978198469
1319,1648,15,73,4,978197903
1320,1650,15,3106,4,978196657
1321,1651,15,1599,3,978212494
1322,1652,15,3108,4,978196848
1323,1653,15,1600,3,978212228
1324,1655,15,103,4,978198235
1325,1656,15,1193,4,978212663
1326,1657,15,3685,5,978196741
1327,1658,15,1196,4,978212141
1328,1660,15,2813,3,978196472
1329,1661,15,2814,3,978196625
1330,1662,15,2891,3,978196521
1331,1663,15,3188,4,978198236
1332,1665,15,109,5,978196933
1333,1666,15,1681,2,978212210
1334,1667,15,2319,2,978212312
1335,1668,15,1546,3,978212065
1336,1670,15,2893,3,978196848
1337,1671,15,1960,4,978197856
1338,1672,15,550,4,978198649
1339,1673,15,477,4,978197998
1340,1675,15,3193,2,978198493
1341,1676,15,2537,3,978196499
1342,1677,15,3340,4,978196499
1343,1678,15,1742,4,978212312
1344,1680,15,1684,3,978198601
1345,1681,15,2323,3,978198150
1346,1682,15,2471,2,978199023
1347,1683,15,2326,4,978196775
1348,1685,15,1557,4,978212463
1349,1686,15,3705,2,978199167
1350,1687,15,1077,4,978198581
1351,1688,15,1747,4,978198834
1352,1690,15,2549,1,978197517
1353,1691,15,1627,4,978198442
1354,1692,15,1628,3,978198818
1355,1693,15,2047,4,978212720
1356,1695,16,2487,2,978174296
1357,1696,16,2561,2,978174639
1358,1697,16,1637,4,978174296
1359,1698,16,2417,3,978174755
1360,1700,16,2500,1,978174671
1361,1701,16,2936,3,978174414
1362,1702,16,1250,4,978174240
1363,1703,16,2645,2,978174639
1364,1705,16,3448,3,978174414
1365,1706,16,2575,3,978174188
1366,1707,16,2504,4,978174414
1367,1708,16,2948,2,978174490
1368,1710,16,2654,2,978174490
1369,1711,16,2655,2,978174671
1370,1712,16,2656,4,978174755
1371,1713,16,2513,4,978174695
1372,1715,16,264,2,978174188
1373,1716,16,2760,1,978174535
1374,1717,16,2615,4,978174414
1375,1718,16,2693,4,978174639
1376,1720,16,2702,3,978174443
1377,1721,16,2788,1,978174597
1378,1722,16,2287,5,978174443
1379,1723,16,2301,5,978174535
1380,1725,16,2820,3,978174535
1381,1726,16,2324,2,978174639
1382,1727,16,2326,5,978174720
1383,1728,16,2907,5,978174443
1384,1730,17,2485,4,978160616
1385,1731,17,2486,3,978160739
1386,1732,17,3863,3,978160437
1387,1733,17,3794,3,978158779
1388,1735,17,1234,5,978160616
1389,1736,17,712,5,978159210
1390,1737,17,1990,3,978160129
1391,1738,17,1169,5,978158471
1392,1740,17,586,5,978159435
1393,1741,17,1841,4,978160848
1394,1742,17,221,4,978159762
1395,1743,17,2938,4,978159859
1396,1745,17,3810,4,978158689
1397,1746,17,1246,5,978159784
1398,1747,17,1177,5,978158471
1399,1748,17,3442,4,978158656
1400,1750,17,587,4,978159683
1401,1751,17,2572,4,978160887
1402,1752,17,590,5,978159289
1403,1753,17,592,5,978159762
1404,1755,17,298,5,978159815
1405,1756,17,3307,4,978160887
1406,1757,17,233,5,978159815
1407,1758,17,161,5,978159435
1408,1760,17,162,4,978160304
1409,1761,17,163,4,978161166
1410,1762,17,2072,4,978160792
1411,1763,17,1323,4,978158536
1412,1765,17,1255,5,978160490
1413,1766,17,732,5,978159351
1414,1767,17,1853,4,978160616
1415,1768,17,3459,4,978160546
1416,1770,17,3389,3,978158845
1417,1771,17,2589,5,978160933
1418,1772,17,314,4,978161068
1419,1773,17,316,5,978159234
1420,1775,17,245,5,978159989
1421,1776,17,1405,3,978159762
1422,1777,17,1336,4,978160792
1423,1778,17,741,5,978160490
1424,1780,17,1338,4,978160178
1425,1781,17,2592,4,978160437
1426,1782,17,2593,4,978160739
1427,1783,17,2594,5,978160680
1428,1785,17,2596,5,978160546
1429,1786,17,2599,2,978161068
1430,1787,17,2600,2,978160933
1431,1788,17,2531,3,978159762
1432,1790,17,326,3,978161068
1433,1791,17,2965,4,978160993
1434,1792,17,3040,3,978160157
1435,1793,17,2025,4,978160887
1436,1795,17,258,5,978160436
1437,1796,17,2243,4,978161068
1438,1797,17,3046,5,978159386
1439,1798,17,1350,3,978160075
1440,1800,17,197,4,978160680
1441,1801,17,902,5,978159013
1442,1802,17,1354,4,978160792
1443,1803,17,1356,5,978160792
1444,1805,17,2684,4,978158471
1445,1806,17,3416,2,978158845
1446,1807,17,1007,5,978160993
1447,1808,17,337,3,978160129
1448,1810,17,2253,5,978160304
1449,1811,17,1492,5,978160260
1450,1812,17,3632,4,978160792
1451,1813,17,913,5,978160490
1452,1815,17,3634,3,978160616
1453,1816,17,771,4,978160993
1454,1817,17,3635,5,978160546
1455,1818,17,2833,4,978160848
1456,1820,17,2840,3,978159713
1457,1821,17,2694,5,978159467
1458,1822,17,3570,2,978160993
1459,1823,17,30,5,978159142
1460,1825,17,425,5,978159784
1461,1826,17,1561,3,978161166
1462,1827,17,353,5,978159896
1463,1828,17,34,5,978159683
1464,1830,17,2200,4,978159683
1465,1831,17,1376,3,978160792
1466,1832,17,3645,4,978159210
1467,1833,17,2844,4,978160228
1468,1835,17,3649,4,978158779
1469,1836,17,2848,5,978160546
1470,1837,17,3508,4,978160616
1471,1838,17,500,2,978159568
1472,1840,17,1569,4,978159762
1473,1841,17,291,5,978159683
1474,1842,17,3002,5,978160848
1475,1843,17,1573,5,978158471
1476,1845,17,3079,4,978159989
1477,1846,17,3080,5,978159989
1478,1847,17,2278,3,978160887
1479,1848,17,1576,5,978161166
1480,1850,17,3590,4,978160739
1481,1851,17,2790,5,978159467
1482,1852,17,50,5,978159289
1483,1853,17,443,5,978159351
1484,1855,17,3088,4,978160993
1485,1856,17,2287,4,978159683
1486,1857,17,2214,4,978160337
1487,1858,17,2219,4,978160680
1488,1860,17,2221,4,978159713
1489,1861,17,3594,3,978160739
1490,1862,17,3526,3,978158779
1491,1863,17,1112,4,978160616
1492,1865,17,3232,4,978158689
1493,1866,17,2433,4,978159815
1494,1867,17,1929,4,978158656
1495,1868,17,524,4,978159210
1496,1870,17,526,4,978160304
1497,1871,17,454,5,978159859
1498,1872,17,1657,4,978159386
1499,1873,17,1592,4,978160304
1500,1875,17,3676,3,978158733
1501,1876,17,3677,4,978158656
1502,1877,17,957,4,978160739
1503,1878,17,1189,5,978160490
1504,1880,17,1056,4,978159013
1505,1881,17,3178,4,978160129
1506,1882,17,76,4,978160887
1507,1883,17,3107,5,978160792
1508,1885,17,2309,5,978160993
1509,1886,17,1942,4,978160436
1510,1887,17,1943,5,978160933
1511,1888,17,3683,4,978158656
1512,1890,17,3758,4,978160887
1513,1891,17,1196,4,978159386
1514,1892,17,3687,3,978158733
1515,1893,17,1197,5,978160436
1516,1895,17,607,4,978160993
1517,1896,17,538,5,978158919
1518,1897,17,1062,5,978160680
1519,1898,17,2458,2,978161068
1520,1900,17,2459,4,978160680
1521,1901,17,2386,2,978160933
1522,1902,17,2460,3,978160848
1523,1903,17,2387,4,978160739
1524,1905,17,1540,4,978160933
1525,1906,17,109,4,978159386
1526,1907,17,2461,4,978160546
1527,1908,17,1681,4,978160337
1528,1910,17,1953,5,978160993
1529,1911,17,1960,5,978159289
1530,1912,17,3628,3,978161068
1531,1913,17,3631,4,978160739
1532,1915,17,477,4,978160075
1533,1916,17,624,4,978159989
1534,1917,17,3266,3,978159013
1535,1918,17,2465,3,978161068
1536,1920,17,3201,3,978160848
1537,1921,17,2328,4,978159467
1538,1922,17,1554,4,978160129
1539,1923,17,1282,5,978160680
1540,1925,17,699,4,978161166
1541,1926,17,1082,3,978160616
1542,1927,17,2545,3,978160792
1543,1928,17,3349,5,978160437
1544,1930,17,3350,4,978159568
1545,1931,17,493,3,978159989
1546,1932,17,2481,3,978158536
1547,1933,17,1697,5,978160157
1548,1935,17,1221,5,978160490
1549,1936,17,2048,4,978160993
1550,1937,17,2049,4,978160680
1551,1938,17,1978,4,978160887
1552,1940,18,2919,5,978154285
1553,1941,18,2921,5,978153344
1554,1942,18,2554,5,978152574
1555,1943,18,643,4,978153370
1556,1945,18,1637,4,978156582
1557,1946,18,1638,5,978157434
1558,1947,18,1643,4,978154834
1559,1948,18,2055,3,978155097
1560,1950,18,3725,5,978153146
1561,1951,18,1986,3,978152541
1562,1952,18,2925,5,978153192
1563,1953,18,1169,5,978156822
1564,1955,18,1170,1,978156664
1565,1956,18,648,3,978152541
1566,1957,18,2633,3,978154031
1567,1958,18,583,4,978155233
1568,1960,18,1839,5,978154962
1569,1961,18,585,5,978154798
1570,1962,18,3371,1,978153977
1571,1963,18,586,5,978153053
1572,1965,18,220,3,978156638
1573,1966,18,1,4,978154768
1574,1967,18,2,2,978152541
1575,1968,18,152,3,978153795
1576,1970,18,2065,3,978154534
1577,1971,18,2069,5,978154798
1578,1972,18,1386,5,978153146
1579,1973,18,3808,1,978154123
1580,1975,18,1177,4,978156168
1581,1976,18,1179,5,978152973
1582,1977,18,587,4,978154388
1583,1978,18,3372,1,978153811
1584,1980,18,728,1,978154572
1585,1981,18,1181,5,978152973
1586,1982,18,729,1,978154005
1587,1983,18,589,4,978153219
1588,1985,18,592,5,978154834
1589,1986,18,593,4,978154834
1590,1987,18,2650,2,978157105
1591,1988,18,3380,4,978157295
1592,1990,18,1850,3,978155837
1593,1991,18,300,5,978156954
1594,1992,18,230,4,978156766
1595,1993,18,162,5,978153303
1596,1995,18,1389,5,978156232
1597,1996,18,2073,5,978155039
1598,1997,18,2074,3,978155072
1599,1998,18,167,1,978154572
1600,2000,18,2077,3,978157195
1601,2001,18,1324,3,978154296
1602,2002,18,1252,5,978156999
1603,2003,18,2008,3,978156794
1604,2005,18,732,5,978154907
1605,2006,18,3820,1,978154050
1606,2007,18,1256,5,978153241
1607,2008,18,2010,4,978154834
1608,2010,18,3458,3,978156893
1609,2011,18,3459,2,978153241
1610,2012,18,311,4,978154962
1611,2013,18,1727,4,978156849
1612,2015,18,2085,3,978154123
1613,2016,18,2012,5,978154798
1614,2017,18,2013,5,978154931
1615,2018,18,2014,4,978155318
1616,2020,18,1263,5,978154834
1617,2021,18,2017,4,978154907
1618,2022,18,1337,5,978156876
1619,2023,18,2019,4,978152486
1620,2025,18,3393,3,978154388
1621,2026,18,2739,1,978153701
1622,2027,18,2667,3,978154650
1623,2028,18,2671,5,978156836
1624,2030,18,3329,5,978155207
1625,2031,18,3330,5,978155234
1626,2032,18,3331,4,978155339
1627,2033,18,324,3,978153894
1628,2035,18,2966,5,978154834
1629,2036,18,3040,4,978156893
1630,2037,18,2093,5,978152486
1631,2038,18,2022,5,978154982
1632,2040,18,2025,3,978152515
1633,2041,18,1272,5,978153033
1634,2042,18,2099,4,978153370
1635,2043,18,2028,5,978154907
1636,2045,18,828,4,978157335
1637,2046,18,829,1,978154050
1638,2047,18,993,1,978155434
1639,2048,18,1805,5,978156055
1640,2050,18,402,1,978153874
1641,2051,18,10,5,978153344
1642,2052,18,1808,3,978153584
1643,2053,18,258,5,978152454
1644,2055,18,260,5,978155186
1645,2056,18,264,3,978157412
1646,2057,18,17,4,978156535
1647,2058,18,2180,4,978156430
1648,2060,18,1358,4,978153683
1649,2061,18,1359,3,978153874
1650,2062,18,3555,1,978153453
1651,2063,18,908,5,978154361
1652,2065,18,2758,4,978153540
1653,2066,18,769,5,978156753
1654,2067,18,1886,3,978153076
1655,2068,18,1814,1,978154104
1656,2070,18,1888,4,978156476
1657,2071,18,2618,5,978156368
1658,2072,18,3421,4,978152574
1659,2073,18,26,4,978157335
1660,2075,18,2185,1,978153936
1661,2076,18,909,5,978156444
1662,2077,18,1492,4,978153329
1663,2078,18,771,3,978153540
1664,2080,18,1367,4,978153033
1665,2081,18,3636,4,978153493
1666,2082,18,3637,3,978154005
1667,2083,18,3565,5,978153219
1668,2085,18,3567,5,978153146
1669,2086,18,1010,5,978154907
1670,2087,18,1892,5,978156549
1671,2088,18,2695,3,978153370
1672,2090,18,2696,4,978155766
1673,2091,18,1894,5,978156664
1674,2092,18,1013,4,978154962
1675,2093,18,3426,4,978154433
1676,2095,18,1016,5,978155186
1677,2096,18,1017,4,978154931
1678,2097,18,1899,5,978152515
1679,2098,18,1900,5,978156582
1680,2100,18,2334,2,978153894
1681,2101,18,34,5,978155186
1682,2102,18,2336,2,978153977
1683,2103,18,1566,2,978153977
1684,2105,18,286,4,978153612
1685,2106,18,2125,5,978153476
1686,2107,18,1371,3,978153583
1687,2108,18,2126,4,978155766
1688,2110,18,1376,4,978155721
1689,2111,18,2848,3,978153241
1690,2112,18,1020,4,978154907
1691,2113,18,1021,4,978154982
1692,2115,18,3510,4,978153104
1693,2116,18,431,2,978153612
1694,2117,18,361,5,978154798
1695,2118,18,289,1,978152203
1696,2120,18,44,4,978153795
1697,2121,18,2346,4,978153453
1698,2122,18,364,4,978152486
1699,2123,18,365,3,978153219
1700,2125,18,294,5,978155542
1701,2126,18,48,4,978155072
1702,2127,18,1576,5,978154270
1703,2128,18,1506,3,978153771
1704,2130,18,929,4,978154433
1705,2131,18,2210,3,978155785
1706,2132,18,3655,4,978157195
1707,2133,18,2790,5,978156168
1708,2135,18,50,5,978155510
1709,2136,18,2353,1,978154693
1710,2137,18,2354,1,978154031
1711,2138,18,374,2,978153219
1712,2140,18,2287,5,978154798
1713,2141,18,1111,1,978152596
1714,2142,18,3600,3,978156936
1715,2143,18,2729,4,978152454
1716,2145,18,524,5,978156146
1717,2146,18,451,3,978157412
1718,2147,18,1655,4,978152573
1719,2148,18,2223,5,978156714
1720,2150,18,1523,1,978154104
1721,2151,18,2226,4,978154931
1722,2152,18,1594,4,978156954
1723,2153,18,1932,4,978153146
1724,2155,18,1934,4,978153557
1725,2156,18,1183,4,978153033
1726,2157,18,1468,1,978154104
1727,2158,18,1184,4,978152999
1728,2160,18,1938,3,978153303
1729,2161,18,958,5,978153033
1730,2162,18,2804,5,978152515
1731,2163,18,1190,5,978156168
1732,2165,18,2880,5,978153170
1733,2166,18,1051,2,978155020
1734,2167,18,528,5,978155207
1735,2168,18,529,1,978155861
1736,2170,18,463,3,978153683
1737,2171,18,2302,5,978153453
1738,2172,18,3179,4,978155837
1739,2173,18,1598,5,978157031
1740,2175,18,2305,3,978153894
1741,2176,18,2307,4,978152203
1742,2177,18,3683,5,978154798
1743,2178,18,1193,5,978153076
1744,2180,18,2883,4,978153146
1745,2181,18,1946,2,978155339
1746,2182,18,2885,1,978155409
1747,2183,18,1198,5,978153170
1748,2185,18,1951,5,978152973
1749,2186,18,1059,4,978152454
1750,2187,18,2891,4,978156664
1751,2188,18,613,5,978155020
1752,2190,18,3184,4,978156893
1753,2191,18,2382,1,978154693
1754,2192,18,1673,4,978157031
1755,2193,18,472,4,978157031
1756,2195,18,3189,2,978153771
1757,2196,18,1540,5,978153303
1758,2197,18,109,5,978152973
1759,2198,18,86,3,978157068
1760,2200,18,2316,2,978155233
1761,2201,18,1547,4,978154534
1762,2202,18,1952,5,978156773
1763,2203,18,1953,4,978152486
1764,2205,18,1960,5,978152973
1765,2206,18,2825,2,978153370
1766,2207,18,3630,3,978153796
1767,2208,18,548,5,978155207
1768,2210,18,552,4,978153192
1769,2211,18,1741,1,978153513
1770,2212,18,1074,5,978155654
1771,2213,18,3192,5,978156726
1772,2215,18,482,2,978153854
1773,2216,18,1743,4,978155816
1774,2217,18,1684,3,978155766
1775,2218,18,2323,1,978155685
1776,2220,18,1551,1,978154005
1777,2221,18,3201,4,978154505
1778,2222,18,2326,4,978154907
1779,2223,18,1689,1,978153912
1780,2225,18,2032,4,978152486
1781,2226,18,2037,4,978153476
1782,2227,18,1216,5,978155529
1783,2228,18,1079,4,978156595
1784,2230,18,490,3,978155721
1785,2231,18,2474,4,978155706
1786,2232,18,3350,1,978153104
1787,2233,18,2548,4,978152203
1788,2235,18,2549,1,978153540
1789,2236,18,1631,3,978153683
1790,2237,18,1633,5,978156714
1791,2238,18,207,1,978153771
1792,2240,18,1974,1,978155392
1793,2241,18,1221,5,978153104
1794,2242,18,2048,4,978154452
1795,2243,18,1223,5,978152999
1796,2245,19,2919,4,978555881
1797,2246,19,2921,4,978147099
1798,2247,19,3353,3,983074250
1799,2248,19,2554,5,978300144
1800,2250,19,2560,3,978147137
1801,2251,19,1701,3,978554208
1802,2252,19,1637,4,978299817
1803,2253,19,1704,4,978555553
1804,2255,19,1302,4,978555222
1805,2256,19,3794,4,978554522
1806,2257,19,2922,3,982190719
1807,2258,19,3725,4,978299772
1808,2260,19,712,5,978555994
1809,2261,19,2925,4,978146910
1810,2262,19,1308,2,978555404
1811,2263,19,1239,5,978555104
1812,2265,19,1240,4,978147476
1813,2266,19,1172,5,978556835
1814,2267,19,2565,3,978555317
1815,2268,19,2639,4,979428881
1816,2270,19,585,4,978556083
1817,2271,19,586,4,982190992
1818,2272,19,2570,4,978555104
1819,2273,19,1841,4,978299520
1820,2275,19,221,5,983074267
1821,2276,19,1,5,978555994
1822,2277,19,3879,4,983074230
1823,2278,19,1385,4,978300170
1824,2280,19,1242,5,978147253
1825,2281,19,2069,3,978556083
1826,2282,19,1996,3,978556835
1827,2283,19,1243,3,982190630
1828,2285,19,1246,4,978556955
1829,2286,19,1319,4,978555441
1830,2287,19,1177,5,982730936
1831,2288,19,725,5,978147210
1832,2290,19,2642,3,978555360
1833,2291,19,1179,5,978146799
1834,2292,19,1180,4,978146863
1835,2293,19,1181,4,978146799
1836,2295,19,2572,3,978147266
1837,2296,19,1843,3,979429033
1838,2297,19,589,4,978555732
1839,2298,19,590,5,978146713
1840,2300,19,2648,4,978299947
1841,2301,19,592,3,978556083
1842,2302,19,2649,5,978299947
1843,2303,19,2576,4,978555222
1844,2305,19,593,4,978556129
1845,2306,19,2651,3,979429270
1846,2307,19,2578,2,978555104
1847,2308,19,2579,2,978555104
1848,2310,19,1850,5,978299673
1849,2311,19,1717,4,978299844
1850,2312,19,2580,4,978555104
1851,2313,19,2581,1,982190917
1852,2315,19,1320,3,978555317
1853,2316,19,1251,5,978557301
1854,2317,19,1325,3,978555317
1855,2318,19,732,2,978555994
1856,2320,19,1256,5,983124158
1857,2321,19,2010,5,978556177
1858,2322,19,1258,4,978146882
1859,2323,19,1259,5,978556399
1860,2325,19,3459,4,978147210
1861,2326,19,2585,1,982190917
1862,2327,19,316,4,994556598
1863,2328,19,1330,4,978554892
1864,2330,19,2013,3,978556083
1865,2331,19,1263,3,978556177
1866,2332,19,2017,4,978556129
1867,2333,19,1336,5,978299588
1868,2335,19,2021,3,978556129
1869,2336,19,3393,4,978555914
1870,2337,19,2594,3,978147043
1871,2338,19,1733,3,978147395
1872,2340,19,326,5,978299588
1873,2341,19,2092,2,978555141
1874,2342,19,1408,2,983124187
1875,2343,19,1272,4,978146984
1876,2345,19,2028,3,978556036
1877,2346,19,3403,2,978557164
1878,2347,19,2678,4,978555317
1879,2348,19,327,4,978555441
1880,2350,19,10,5,978147137
1881,2351,19,258,3,978146799
1882,2352,19,3046,4,978147462
1883,2353,19,17,4,978554393
1884,2355,19,1351,2,978147395
1885,2356,19,197,3,978557492
1886,2357,19,1352,4,978147232
1887,2358,19,1353,2,978299588
1888,2360,19,1355,3,978147192
1889,2361,19,832,2,978555404
1890,2362,19,1356,3,978147210
1891,2363,19,3555,2,979429449
1892,2365,19,3556,5,978146984
1893,2366,19,3484,3,978556909
1894,2367,19,2615,4,979428881
1895,2368,19,2619,4,978556129
1896,2370,19,2256,5,978556331
1897,2371,19,1492,3,982190563
1898,2372,19,3633,3,978557438
1899,2373,19,1367,5,978555141
1900,2375,19,3567,5,978146939
1901,2376,19,848,4,978555606
1902,2377,19,776,4,979429334
1903,2378,19,2693,2,978556036
1904,2380,19,2694,5,979427947
1905,2381,19,3570,4,978147060
1906,2382,19,2768,4,982295349
1907,2383,19,1893,5,982381393
1908,2385,19,1013,3,978556129
1909,2386,19,2624,5,978146863
1910,2387,19,417,4,978299698
1911,2388,19,2626,4,978299903
1912,2390,19,2631,1,978147232
1913,2391,19,32,4,982190271
1914,2392,19,353,4,978556909
1915,2393,19,34,3,978556367
1916,2395,19,2268,2,982190530
1917,2396,19,1567,3,978147373
1918,2397,19,2270,2,978299555
1919,2398,19,2127,3,978554246
1920,2400,19,3649,4,978147410
1921,2401,19,2702,3,979428956
1922,2402,19,2850,4,982190563
1923,2403,19,1024,5,978299725
1924,2405,19,3145,3,978556036
1925,2406,19,361,3,978556036
1926,2407,19,1569,2,978147043
1927,2408,19,2346,3,978147292
1928,2410,19,47,4,978554124
1929,2411,19,929,4,978555732
1930,2412,19,869,1,982190857
1931,2413,19,2714,2,982190791
1932,2415,19,2790,5,982210072
1933,2416,19,2721,3,978554929
1934,2417,19,2355,5,978556909
1935,2418,19,3013,4,978555317
1936,2420,19,3014,5,978147292
1937,2421,19,2285,3,978147253
1938,2422,19,1514,3,978147313
1939,2423,19,2360,1,982190563
1940,2425,19,2792,5,978554075
1941,2426,19,2722,3,978554969
1942,2427,19,1112,3,978555732
1943,2428,19,3528,5,978299860
1944,2430,19,377,4,978147271
1945,2431,19,1929,5,978555141
1946,2432,19,524,3,978146727
1947,2433,19,2434,4,979429593
1948,2435,19,2298,4,978146910
1949,2436,19,2299,2,982190694
1950,2437,19,2228,3,978299920
1951,2438,19,1932,4,978299673
1952,2440,19,1934,5,978299673
1953,2441,19,1183,3,978555633
1954,2442,19,1936,2,982190660
1955,2443,19,3676,4,978147373
1956,2445,19,2879,4,978146939
1957,2446,19,2880,5,978146939
1958,2447,19,2881,4,978146939
1959,2448,19,3106,4,979429390
1960,2450,19,3107,3,982190630
1961,2451,19,1669,2,978300170
1962,2452,19,1599,3,978299555
1963,2453,19,3108,2,978554289
1964,2455,19,1534,4,978557492
1965,2456,19,2308,4,978147165
1966,2457,19,1193,4,978146747
1967,2458,19,3684,4,979429390
1968,2460,19,1198,5,980824980
1969,2461,19,1202,5,978555104
1970,2462,19,1059,5,978555881
1971,2463,19,2891,5,979429125
1972,2465,19,2820,2,982190530
1973,2466,19,3257,2,979429594
1974,2467,19,1674,4,978299479
1975,2468,19,1605,1,978554433
1976,2470,19,2386,4,978555517
1977,2471,19,2387,3,978555222
1978,2472,19,1540,5,978147192
1979,2473,19,109,4,978555662
1980,2475,19,110,4,982125019
1981,2476,19,1610,1,982190791
1982,2477,19,1544,3,978557438
1983,2478,19,1953,3,978557357
1984,2480,19,1960,4,978146863
1985,2481,19,1065,3,978556835
1986,2482,19,2532,1,982191045
1987,2483,19,477,4,982190693
1988,2485,19,3196,4,978555553
1989,2486,19,2325,3,978147017
1990,2487,19,2326,5,978556129
1991,2488,19,1557,3,978147099
1992,2490,19,1282,3,978557301
1993,2491,19,1288,4,978554335
1994,2492,19,1216,5,994556636
1995,2493,19,1075,3,978300207
1996,2495,19,1082,3,978557204
1997,2496,19,3205,3,978300170
1998,2497,19,2047,3,978146747
1999,2498,19,1221,3,978146863
2000,2500,20,643,4,978143369
2001,2501,20,3794,3,978143355
2002,2502,20,586,4,978143508
2003,2503,20,1648,3,1009669071
2004,2505,20,1844,5,978143508
2005,2506,20,2503,5,978143508
2006,2507,20,3459,4,1009669181
2007,2508,20,1855,4,978143576
2008,2510,20,1355,3,1009669115
2009,2511,20,1492,5,1009669181
2010,2512,20,1442,3,1009669071
2011,2513,20,3649,2,1009669071
2012,2515,20,47,5,978143306
2013,2516,20,1576,5,978143181
2014,2517,20,2790,4,1009669071
2015,2518,20,454,4,978143508
2016,2520,20,3685,5,1009669116
2017,2521,20,109,5,978143508
2018,2522,20,1960,4,978143106
2019,2523,20,1221,4,1009669181
2020,2525,21,2632,5,978139382
2021,2526,21,2633,3,978138933
2022,2527,21,582,3,978138933
2023,2528,21,585,3,978139423
2024,2530,21,1,3,978139347
2025,2531,21,593,1,978139446
2026,2532,21,1255,3,978139347
2027,2533,21,2732,4,978139540
2028,2535,21,3636,4,978138977
2029,2536,21,2693,3,978139382
2030,2537,21,2287,3,978139398
2031,2538,21,2226,3,978139446
2032,2540,21,1600,1,978138977
2033,2541,21,1193,5,978138977
2034,2542,21,1950,1,978139347
2035,2543,21,3200,3,978138977
2036,2545,21,3706,1,978138977
2037,2546,22,2919,4,978135175
2038,2547,22,643,2,978134504
2039,2548,22,3287,1,978137167
2040,2550,22,3290,3,978153772
2041,2551,22,1702,3,980066509
2042,2552,22,215,2,978154178
2043,2553,22,1642,3,978137076
2044,2555,22,1644,3,978154379
2045,2556,22,2054,3,978137167
2046,2557,22,2056,3,978153631
2047,2558,22,1986,2,981605266
2048,2560,22,3799,5,978137282
2049,2561,22,3800,4,978137282
2050,2562,22,2929,4,978134761
2051,2563,22,1240,4,978135723
2052,2565,22,583,3,978154267
2053,2566,22,584,2,978136667
2054,2567,22,3370,2,980066445
2055,2568,22,2422,3,978136925
2056,2570,22,1841,1,978136804
2057,2571,22,221,4,978153710
2058,2572,22,2065,3,978153139
2059,2573,22,2066,2,978153096
2060,2575,22,1242,4,978153115
2061,2576,22,1996,4,978152904
2062,2577,22,1386,3,980066384
2063,2578,22,2070,4,978135175
2064,2580,22,1246,4,978153499
2065,2581,22,725,4,980066421
2066,2582,22,1179,4,978134004
2067,2583,22,658,3,978153826
2068,2585,22,728,2,978136997
2069,2586,22,1181,4,981605568
2070,2587,22,589,2,978136043
2071,2588,22,2648,4,978152972
2072,2590,22,2503,3,978136478
2073,2591,22,2504,2,978154074
2074,2592,22,1849,1,978137060
2075,2593,22,228,2,978136699
2076,2595,22,160,3,978136175
2077,2596,22,162,3,978136539
2078,2597,22,164,3,980066476
2079,2598,22,2948,3,978155181
2080,2600,22,2949,3,978155205
2081,2601,22,2004,4,978153321
2082,2602,22,1251,4,978152904
2083,2603,22,1327,2,978155097
2084,2605,22,1259,2,978134977
2085,2606,22,808,4,978154486
2086,2607,22,3382,3,978153937
2087,2608,22,1853,4,978136684
2088,2610,22,3459,4,991149320
2089,2611,22,1855,3,978153570
2090,2612,22,672,4,981605460
2091,2613,22,310,2,978154091
2092,2615,22,314,3,978154862
2093,2616,22,2952,3,980066421
2094,2617,22,316,5,978135389
2095,2618,22,172,3,978154929
2096,2620,22,2082,3,978153115
2097,2621,22,2013,2,978153170
2098,2622,22,1402,3,978153912
2099,2623,22,3827,2,991149493
2100,2625,22,1406,2,980066476
2101,2626,22,1338,4,978135688
2102,2627,22,1269,4,978134875
2103,2628,22,3540,4,978153018
2104,2630,22,1733,2,978136908
2105,2631,22,179,4,978153912
2106,2632,22,2234,3,978153826
2107,2633,22,1740,4,980065971
2108,2635,22,2965,4,978153139
2109,2636,22,255,3,978136997
2110,2637,22,3039,3,980066421
2111,2638,22,184,2,978137099
2112,2640,22,2969,2,978134744
2113,2641,22,2095,3,978153321
2114,2642,22,2971,3,978153018
2115,2643,22,1272,4,981605593
2116,2645,22,823,2,978154448
2117,2646,22,897,4,991149661
2118,2647,22,2603,2,978154111
2119,2648,22,2678,4,978153139
2120,2650,22,10,3,980066459
2121,2651,22,1808,1,978154891
2122,2652,22,330,3,978154267
2123,2653,22,3045,1,978137118
2124,2655,22,1417,2,978154199
2125,2656,22,1350,3,980066401
2126,2657,22,899,4,991149892
2127,2658,22,1483,4,978153593
2128,2660,22,2181,4,978154267
2129,2661,22,1357,1,978154032
2130,2662,22,762,5,978134623
2131,2663,22,908,3,978135611
2132,2665,22,3484,3,978153080
2133,2666,22,839,3,978137027
2134,2667,22,2758,3,978136940
2135,2668,22,1885,2,978135792
2136,2670,22,1815,2,978153733
2137,2671,22,1816,4,991149055
2138,2672,22,3052,3,978154139
2139,2673,22,341,2,978154074
2140,2675,22,2253,3,978153751
2141,2676,22,2984,4,978153880
2142,2677,22,2256,5,978134977
2143,2678,22,1492,2,978154862
2144,2680,22,771,3,978154891
2145,2681,22,2121,4,978135226
2146,2682,22,1008,2,978154379
2147,2683,22,775,4,978154139
2148,2685,22,777,1,978137076
2149,2686,22,2694,4,978136462
2150,2687,22,2695,2,980066445
2151,2688,22,1899,4,978152714
2152,2690,22,2631,1,978136857
2153,2691,22,32,4,978135925
2154,2692,22,426,4,980066054
2155,2693,22,3140,3,978154111
2156,2695,22,1566,3,978134004
2157,2696,22,39,2,978153593
2158,2697,22,2195,3,978136783
2159,2698,22,286,2,978136733
2160,2700,22,2270,1,978137202
2161,2701,22,2197,4,978152648
2162,2702,22,2125,4,981605251
2163,2703,22,1371,4,978154178
2164,2705,22,1374,5,978134744
2165,2706,22,2848,4,978154810
2166,2707,22,2850,4,978134977
2167,2708,22,497,3,978154111
2168,2710,22,789,1,978137118
2169,2711,22,790,2,978153772
2170,2712,22,1024,4,978136553
2171,2713,22,3510,5,978134462
2172,2715,22,1025,1,978137099
2173,2716,22,3142,3,978153035
2174,2717,22,431,3,980066509
2175,2718,22,290,3,978136836
2176,2720,22,2348,3,978153170
2177,2721,22,365,4,978153806
2178,2722,22,47,4,978136641
2179,2723,22,294,3,978135523
2180,2725,22,1506,1,978137060
2181,2726,22,2280,4,978135723
2182,2727,22,1449,3,978153912
2183,2728,22,1451,2,978136997
2184,2730,22,1035,4,978136641
2185,2731,22,439,2,978154862
2186,2732,22,367,3,978137282
2187,2733,22,2355,3,978153058
2188,2735,22,1583,3,978136574
2189,2736,22,1514,2,978136925
2190,2737,22,2360,2,978154891
2191,2738,22,1456,1,978154074
2192,2740,22,3593,4,978137099
2193,2741,22,3741,4,978153710
2194,2742,22,2723,4,978152972
2195,2743,22,2724,3,978153241
2196,2745,22,1112,4,981605320
2197,2746,22,2726,3,978153190
2198,2747,22,2727,4,978152994
2199,2748,22,3232,1,978134462
2200,2750,22,2729,3,978153058
2201,2751,22,377,4,978153826
2202,2752,22,451,2,978136616
2203,2753,22,2434,3,978153751
2204,2755,22,454,3,980066357
2205,2756,22,65,3,981605647
2206,2757,22,2223,4,978135925
2207,2758,22,1527,2,978135226
2208,2760,22,1935,3,978153115
2209,2761,22,1936,3,978154242
2210,2762,22,1937,4,981605251
2211,2763,22,1188,4,978136836
2212,2765,22,529,4,978154155
2213,2766,22,605,5,978135545
2214,2767,22,70,4,978136888
2215,2768,22,3175,3,978154199
2216,2770,22,2303,3,978153096
2217,2771,22,3179,2,978154448
2218,2772,22,3106,4,978153787
2219,2773,22,3108,2,981605503
2220,2775,22,1534,4,978136751
2221,2776,22,2308,3,991149140
2222,2777,22,103,3,978153710
2223,2778,22,1943,4,991149352
2224,2780,22,1193,3,978134049
2225,2781,22,3757,1,978136372
2226,2782,22,3685,3,978134462
2227,2783,22,1197,4,978134073
2228,2785,22,607,4,978135175
2229,2786,22,1059,3,981605583
2230,2787,22,539,3,981605666
2231,2788,22,540,4,978136804
2232,2790,22,470,2,978154448
2233,2791,22,471,3,978136641
2234,2792,22,2382,3,980066259
2235,2793,22,81,4,978153669
2236,2795,22,3186,3,978152743
2237,2796,22,3187,2,978153864
2238,2797,22,3189,1,978136958
2239,2798,22,1608,3,978135868
2240,2800,22,109,4,978135627
2241,2801,22,3190,3,978154420
2242,2802,22,110,4,978134073
2243,2803,22,111,2,980066476
2244,2805,22,3766,2,978137118
2245,2806,22,1205,4,978135755
2246,2807,22,1208,5,978135474
2247,2808,22,1065,4,978134875
2248,2810,22,477,2,978154833
2249,2811,22,552,4,980066372
2250,2812,22,1074,4,978136426
2251,2813,22,482,4,980066544
2252,2815,22,2323,4,978136512
2253,2816,22,94,4,978136903
2254,2817,22,3199,3,978136719
2255,2818,22,2325,1,978154862
2256,2820,22,2328,2,978134929
2257,2821,22,2032,2,978153058
2258,2822,22,1557,3,978136857
2259,2823,22,3848,4,978155186
2260,2825,22,1076,2,978153321
2261,2826,22,700,3,978154074
2262,2827,22,1082,3,991149289
2263,2828,22,2474,4,980065957
2264,2830,22,2402,2,978153190
2265,2831,22,2549,3,980066476
2266,2832,22,1628,4,978135833
2267,2833,22,1696,4,978153733
2268,2835,22,2410,3,978153283
2269,2836,22,1631,4,978154833
2270,2837,22,207,2,980066243
2271,2838,22,1221,4,978136462
2272,2840,22,2917,2,978134049
2273,2841,22,1227,3,978135868
2274,2842,22,1228,4,978135568
2275,2843,23,1229,2,978462452
2276,2845,23,3352,2,978465796
2277,2846,23,1164,3,978462452
2278,2847,23,643,4,978460739
2279,2848,23,2485,3,978463956
2280,2850,23,2560,4,978464461
2281,2851,23,3290,3,978465537
2282,2852,23,1301,2,978464461
2283,2853,23,3725,4,978460385
2284,2855,23,1233,3,978465666
2285,2856,23,712,4,978463614
2286,2857,23,2929,5,978465153
2287,2858,23,1239,4,993706407
2288,2860,23,1172,3,978465336
2289,2861,23,3437,4,978466309
2290,2862,23,1173,3,978463137
2291,2863,23,3439,3,978460479
2292,2865,23,654,2,978466366
2293,2866,23,586,4,978463892
2294,2867,23,1841,3,978464367
2295,2868,23,1645,5,978464728
2296,2870,23,1,4,978463614
2297,2871,23,2,2,978461604
2298,2872,23,2134,3,978466115
2299,2873,23,6,3,978462452
2300,2875,23,1996,4,978463137
2301,2876,23,3808,1,978461689
2302,2877,23,1246,5,978465212
2303,2878,23,3442,4,978466366
2304,2880,23,656,2,978460739
2305,2881,23,1250,2,978466204
2306,2882,23,1179,5,978463892
2307,2883,23,2644,5,993706558
2308,2885,23,1182,3,978463893
2309,2886,23,589,3,978462554
2310,2887,23,2573,3,993706741
2311,2888,23,1844,4,978462554
2312,2890,23,2574,1,993706986
2313,2891,23,2575,1,993707035
2314,2892,23,592,3,978463711
2315,2893,23,2503,3,978464019
2316,2895,23,160,2,978466204
2317,2896,23,233,3,978465419
2318,2897,23,161,2,978463137
2319,2898,23,3883,4,978461000
2320,2900,23,1323,2,978466309
2321,2901,23,2080,4,993706741
2322,2902,23,2081,3,993706986
2323,2903,23,1255,3,978463711
2324,2905,23,3453,1,978462330
2325,2906,23,736,3,978463614
2326,2907,23,2654,3,978464842
2327,2908,23,669,4,978464842
2328,2910,23,739,3,978464598
2329,2911,23,3459,4,978464076
2330,2912,23,2658,4,978462195
2331,2913,23,2589,4,978460576
2332,2915,23,314,3,978464728
2333,2916,23,315,3,978461513
2334,2917,23,317,2,978466204
2335,2918,23,1336,4,978464367
2336,2920,23,2740,3,978464728
2337,2921,23,3328,3,993706454
2338,2922,23,3033,2,978466115
2339,2923,23,2531,4,978465404
2340,2925,23,3036,4,978462555
2341,2926,23,1469,4,978462640
2342,2927,23,2964,5,978464645
2343,2928,23,326,3,978464541
2344,2930,23,2092,4,978460152
2345,2931,23,186,3,978465575
2346,2932,23,2023,1,978464842
2347,2933,23,892,3,978465666
2348,2935,23,897,3,978133428
2349,2936,23,3403,5,978463956
2350,2937,23,3550,3,978460576
2351,2938,23,3406,3,978464645
2352,2940,23,3411,3,978461410
2353,2941,23,1808,1,978464598
2354,2942,23,258,5,978461308
2355,2943,23,11,2,978465404
2356,2945,23,16,4,978466309
2357,2946,23,2173,3,978460855
2358,2947,23,2976,3,978466204
2359,2948,23,195,4,978133428
2360,2950,23,900,5,978466366
2361,2951,23,197,4,978464367
2362,2952,23,2106,4,978461410
2363,2953,23,1352,3,978464541
2364,2955,23,1355,3,978464461
2365,2956,23,904,3,993706477
2366,2957,23,1356,4,978464267
2367,2958,23,3556,3,978460153
2368,2960,23,3488,3,978459672
2369,2961,23,1885,4,978462275
2370,2962,23,1007,2,978461308
2371,2963,23,3421,2,978461604
2372,2965,23,1817,3,978465504
2373,2966,23,21,4,978465404
2374,2967,23,2254,3,978464842
2375,2968,23,345,2,978465537
2376,2970,23,29,3,978464076
2377,2971,23,2185,2,978461708
2378,2972,23,1492,5,978464211
2379,2973,23,3632,4,978464211
2380,2975,23,913,2,978463956
2381,2976,23,3633,3,978462735
2382,2977,23,3634,1,978464267
2383,2978,23,771,4,978464541
2384,2980,23,2833,5,978464211
2385,2981,23,1368,3,993706949
2386,2982,23,3566,2,978465744
2387,2983,23,3640,3,978133468
2388,2985,23,2693,3,978463711
2389,2986,23,2694,4,978465744
2390,2987,23,3570,5,978464842
2391,2988,23,779,3,978461677
2392,2990,23,1897,4,978464076
2393,2991,23,1899,2,978461604
2394,2992,23,2631,2,978464541
2395,2993,23,32,4,978464112
2396,2995,23,354,1,978465462
2397,2996,23,2339,3,978464211
2398,2997,23,39,4,978465404
2399,2998,23,2341,3,993706924
2400,3000,23,2200,3,978462452
2401,3001,23,1376,4,978464461
2402,3002,23,2844,3,978462555
2403,3003,23,856,4,978462330
2404,3005,23,2849,5,978462452
2405,3006,23,3508,5,978464076
2406,3007,23,1024,5,978465796
2407,3008,23,3510,4,978459882
2408,3010,23,432,2,978133468
2409,3011,23,2342,3,993706924
2410,3012,23,2343,2,993706949
2411,3013,23,1569,3,978465796
2412,3015,23,3002,3,978464461
2413,3016,23,45,4,978465504
2414,3017,23,364,3,978461308
2415,3018,23,47,2,978460152
2416,3020,23,3079,2,978465744
2417,3021,23,2351,2,978133428
2418,3022,23,1576,2,978462195
2419,3023,23,1506,3,978464842
2420,3025,23,2790,4,978459672
2421,3026,23,439,3,978464598
2422,3027,23,50,4,978462095
2423,3028,23,52,4,978465537
2424,3030,23,1583,4,978466204
2425,3031,23,2287,3,978465404
2426,3032,23,940,3,978459882
2427,3033,23,2220,3,978464211
2428,3035,23,3741,4,978465462
2429,3036,23,1112,5,978464112
2430,3037,23,518,2,978462640
2431,3038,23,1114,4,978464367
2432,3040,23,1926,4,978466115
2433,3041,23,2729,4,978461410
2434,3042,23,1929,3,978459882
2435,3043,23,2434,3,978465505
2436,3045,23,454,3,978465744
2437,3046,23,1932,4,978462735
2438,3047,23,3672,5,993706593
2439,3048,23,3673,2,978462640
2440,3050,23,1937,1,978461513
2441,3051,23,1187,4,993706407
2442,3052,23,957,4,978464267
2443,3053,23,2803,3,978466309
2444,3055,23,1189,3,978464019
2445,3056,23,1047,1,978465404
2446,3057,23,1941,4,978464645
2447,3058,23,2880,4,978460152
2448,3060,23,2443,3,978462555
2449,3061,23,70,4,978460739
2450,3062,23,76,3,978464461
2451,3063,23,3107,3,978464112
2452,3065,23,1534,4,978464367
2453,3066,23,1943,4,978464541
2454,3067,23,3683,3,978459882
2455,3068,23,1944,4,978464728
2456,3070,23,2884,2,978462735
2457,3071,23,1196,3,978462195
2458,3072,23,1197,3,978463956
2459,3073,23,1198,4,978464112
2460,3075,23,1201,5,978465744
2461,3076,23,1202,3,978465666
2462,3077,23,1059,5,978461308
2463,3078,23,538,5,978464019
2464,3080,23,1062,4,978464019
2465,3081,23,3185,2,978465505
2466,3082,23,3188,3,978466366
2467,3083,23,2459,5,978464267
2468,3085,23,2460,4,978464598
2469,3086,23,2387,4,978464112
2470,3087,23,1608,3,978464112
2471,3088,23,1540,4,978464211
2472,3090,23,110,3,978465744
2473,3091,23,2316,3,978465575
2474,3092,23,1681,3,978462735
2475,3093,23,1544,3,978464076
2476,3095,23,1204,4,978462095
2477,3096,23,3695,2,978462735
2478,3097,23,1205,5,993706407
2479,3098,23,1206,4,978463614
2480,3100,23,2900,4,978461410
2481,3101,23,3630,4,978464728
2482,3102,23,548,4,978460385
2483,3103,23,3631,5,978464019
2484,3105,23,477,5,978464019
2485,3106,23,552,3,978462554
2486,3107,23,2462,2,978464842
2487,3108,23,1074,4,978462330
2488,3110,23,2465,3,978464645
2489,3111,23,1743,3,978462640
2490,3112,23,3270,3,978462816
2491,3113,23,3197,5,978462275
2492,3115,23,3198,1,978465462
2493,3116,23,2323,3,978462554
2494,3117,23,2325,3,978464645
2495,3118,23,2327,4,978465505
2496,3120,23,124,3,978465419
2497,3121,23,2032,4,978461410
2498,3122,23,3702,5,978464541
2499,3123,23,2037,2,978461410
2500,3125,23,1287,5,978464598
2501,3126,23,2905,3,993706369
2502,3127,23,1216,5,978462275
2503,3128,23,1075,3,993706407
2504,3130,23,490,4,978462452
2505,3131,23,2474,4,978462735
2506,3132,23,2549,5,993706741
2507,3133,23,1696,3,978465537
2508,3135,23,1697,4,978464076
2509,3136,23,1631,3,978464211
2510,3137,23,3851,2,978461308
2511,3138,23,1294,3,978462095
2512,3140,23,2049,2,978464541
2513,3141,23,2050,3,978466204
2514,3142,23,1224,3,978465537
2515,3143,23,2051,3,993707016
2516,3145,23,3718,4,978460479
2517,3146,23,2917,5,978462640
2518,3147,24,2919,4,978135218
2519,3148,24,3356,4,978132011
2520,3150,24,3286,1,978132906
2521,3151,24,2560,3,978135358
2522,3152,24,1240,4,978131980
2523,3153,24,3293,4,978132232
2524,3155,24,2932,4,978134286
2525,3156,24,152,4,978134441
2526,3157,24,2064,5,978132879
2527,3158,24,1996,4,978132232
2528,3160,24,1244,5,978132794
2529,3161,24,1246,4,978135045
2530,3162,24,1177,5,978136709
2531,3163,24,587,4,978134286
2532,3165,24,1181,5,978135169
2533,3166,24,2572,4,978135247
2534,3167,24,589,4,978135247
2535,3168,24,590,5,978132483
2536,3170,24,594,4,978133171
2537,3171,24,3380,5,978132163
2538,3172,24,301,4,978134351
2539,3173,24,1721,4,978133171
2540,3175,24,2077,4,978132183
2541,3176,24,1251,4,978131939
2542,3177,24,2655,3,978134351
2543,3178,24,3458,4,978132011
2544,3180,24,1727,3,978131551
2545,3181,24,1730,3,978133814
2546,3182,24,316,4,978132735
2547,3183,24,174,4,978133814
2548,3185,24,1338,5,978132735
2549,3186,24,1269,5,978131980
2550,3187,24,3540,3,978132083
2551,3188,24,2666,3,978134456
2552,3190,24,3036,4,978132040
2553,3191,24,326,3,978135339
2554,3192,24,2971,4,978132083
2555,3193,24,891,4,978135045
2556,3195,24,1277,5,978132860
2557,3196,24,3403,4,978132879
2558,3197,24,2603,4,978133257
2559,3198,24,258,5,978135156
2560,3200,24,264,2,978132963
2561,3201,24,2175,4,978132127
2562,3202,24,1417,4,978133237
2563,3203,24,2177,4,978132163
2564,3205,24,901,5,978132500
2565,3206,24,2180,4,978132040
2566,3207,24,1357,4,978133200
2567,3208,24,908,5,978135156
2568,3210,24,2615,4,978133367
2569,3211,24,2689,4,986157090
2570,3212,24,1890,5,978132183
2571,3213,24,1891,5,986157437
2572,3215,24,909,5,978134987
2573,3216,24,3639,1,978131551
2574,3217,24,848,5,978136660
2575,3218,24,2768,4,978133286
2576,3220,24,1015,3,978133933
2577,3221,24,1897,3,978132127
2578,3222,24,1900,5,978131551
2579,3223,24,422,4,986157070
2580,3225,24,2339,4,978132163
2581,3226,24,1499,4,978134987
2582,3227,24,1374,4,978131928
2583,3228,24,2847,4,978132083
2584,3230,24,497,3,978134159
2585,3231,24,3142,4,978132128
2586,3232,24,361,4,978131578
2587,3233,24,3004,4,978132276
2588,3235,24,2790,4,978132571
2589,3236,24,369,1,978133072
2590,3237,24,50,5,978135062
2591,3238,24,2356,3,978133334
2592,3240,24,2284,4,978132040
2593,3241,24,942,5,978132842
2594,3242,24,2723,4,978131980
2595,3243,24,2727,4,978132011
2596,3245,24,2729,4,978132040
2597,3246,24,377,3,978134313
2598,3247,24,524,5,978132483
2599,3248,24,3092,3,978132818
2600,3250,24,1591,4,978133782
2601,3251,24,1592,4,986156995
2602,3252,24,1530,4,978133237
2603,3253,24,1933,3,978132163
2604,3255,24,536,3,978133273
2605,3256,24,465,4,978133414
2606,3257,24,3107,4,978135218
2607,3258,24,1196,5,978132571
2608,3260,24,1059,5,978135218
2609,3261,24,1064,4,978131980
2610,3262,24,1673,3,978131578
2611,3263,24,3186,4,978133305
2612,3265,24,109,4,978132879
2613,3266,24,1544,2,978133665
2614,3267,24,1203,4,978131980
2615,3268,24,1955,3,978133782
2616,3270,24,1208,4,978132516
2617,3271,24,1960,5,978132794
2618,3272,24,3631,4,978135218
2619,3273,24,1618,4,978132083
2620,3275,24,2032,4,978132163
2621,3276,24,1212,5,978134882
2622,3277,24,1288,5,978131980
2623,3278,24,1075,4,978132818
2624,3280,24,1629,4,978134987
2625,3281,24,207,1,978134085
2626,3282,24,1228,4,978132702
2627,3283,25,2919,4,978131283
2628,3285,25,3725,4,978131283
2629,3286,25,3730,2,978386265
2630,3287,25,2632,2,978131240
2631,3288,25,1764,2,978132594
2632,3290,25,2422,4,978131157
2633,3291,25,585,2,978385998
2634,3292,25,1841,3,978132441
2635,3293,25,221,5,978130919
2636,3295,25,156,3,978133433
2637,3296,25,1179,5,978132002
2638,3297,25,2644,4,978130991
2639,3298,25,1181,5,978130633
2640,3300,25,2648,5,978131048
2641,3301,25,2503,3,978132158
2642,3302,25,1849,4,978132586
2643,3303,25,2506,3,978131157
2644,3305,25,1852,2,978133433
2645,3306,25,1853,4,978132180
2646,3307,25,1336,5,978132216
2647,3308,25,2736,2,978386028
2648,3310,25,326,2,978132488
2649,3311,25,1272,5,978132431
2650,3312,25,2026,3,978132504
2651,3313,25,2608,5,978131094
2652,3315,25,258,5,978131930
2653,3316,25,3046,4,978131266
2654,3317,25,2105,3,978132620
2655,3318,25,1351,2,978132424
2656,3320,25,1353,3,978132829
2657,3321,25,1354,5,978132180
2658,3322,25,1355,3,978132255
2659,3323,25,1356,5,978132234
2660,3325,25,2615,3,978130855
2661,3326,25,1814,1,978132853
2662,3327,25,2256,4,978134637
2663,3328,25,2185,4,978130612
2664,3330,25,1367,3,978132226
2665,3331,25,779,2,978132488
2666,3332,25,2624,5,978131194
2667,3333,25,2625,3,978131266
2668,3335,25,3649,4,978131048
2669,3336,25,3510,4,978131048
2670,3337,25,432,3,978132739
2671,3338,25,1569,5,978132793
2672,3340,25,3088,5,978132424
2673,3341,25,2287,3,978130895
2674,3342,25,1114,4,978132234
2675,3343,25,2433,5,978132742
2676,3345,25,1657,4,978132864
2677,3346,25,1594,4,978386028
2678,3347,25,3677,4,978386228
2679,3348,25,1188,5,978132441
2680,3350,25,3106,4,978386112
2681,3351,25,3107,3,978386056
2682,3352,25,1534,5,978132424
2683,3353,25,1943,5,978132424
2684,3355,25,1944,5,978132347
2685,3356,25,1193,5,978132138
2686,3357,25,3685,5,978131157
2687,3358,25,543,4,978132960
2688,3360,25,1608,4,978132180
2689,3361,25,1540,4,978132347
2690,3362,25,109,3,978133273
2691,3363,25,1960,5,978130711
2692,3365,25,2325,2,978132424
2693,3366,25,2473,4,978386028
2694,3367,25,1631,4,978132563
2695,3368,26,3353,3,978141452
2696,3370,26,1164,4,978274105
2697,3371,26,3355,3,978147079
2698,3372,26,711,3,978271742
2699,3373,26,2554,3,978275603
2700,3375,26,3358,3,978271666
2701,3376,26,2560,2,978143313
2702,3377,26,1637,5,978138796
2703,3378,26,3219,2,978140681
2704,3380,26,215,2,978145295
2705,3381,26,216,3,978271309
2706,3382,26,1644,2,978140284
2707,3383,26,1985,1,978145681
2708,3385,26,3432,2,978144939
2709,3386,26,1991,1,978139535
2710,3387,26,716,3,978145618
2711,3388,26,3433,3,978141118
2712,3390,26,2632,1,978141688
2713,3391,26,1240,5,978141478
2714,3392,26,1170,3,978272167
2715,3393,26,2633,2,978272041
2716,3395,26,3292,5,978146594
2717,3396,26,3293,4,978146559
2718,3397,26,3294,2,978272609
2719,3398,26,2638,3,978139135
2720,3400,26,583,2,978140049
2721,3401,26,1766,4,978139735
2722,3402,26,584,3,978138656
2723,3403,26,585,3,978142422
2724,3405,26,1,3,978130703
2725,3406,26,3,2,978140022
2726,3407,26,4,3,978145310
2727,3408,26,5,5,978144881
2728,3410,26,2066,2,978141783
2729,3411,26,2069,3,978273028
2730,3412,26,1387,2,978141204
2731,3413,26,795,4,978145105
2732,3415,26,1179,2,978143174
2733,3416,26,728,3,978139735
2734,3417,26,3373,4,978146812
2735,3418,26,2644,3,978139371
2736,3420,26,589,3,978146876
2737,3421,26,590,3,978130429
2738,3422,26,2648,2,978146800
2739,3423,26,592,3,978273930
2740,3425,26,3380,2,978142647
2741,3426,26,1849,4,978140139
2742,3427,26,301,3,978145330
2743,3428,26,229,1,978139639
2744,3430,26,1721,2,978139056
2745,3431,26,232,3,978140049
2746,3432,26,160,4,978138982
2747,3433,26,1722,3,978145280
2748,3435,26,235,3,978271539
2749,3436,26,167,4,978141233
2750,3437,26,2076,3,978141583
2751,3438,26,2077,3,978140971
2752,3440,26,2078,5,978141178
2753,3441,26,1252,3,978144677
2754,3442,26,1327,2,978146940
2755,3443,26,808,1,978140541
2756,3445,26,668,2,978140454
2757,3446,26,3457,3,978146940
2758,3447,26,3458,5,978141602
2759,3448,26,2656,3,978140173
2760,3450,26,3460,3,978142812
2761,3451,26,1727,5,978384872
2762,3452,26,313,3,978145667
2763,3453,26,315,2,978143330
2764,3455,26,246,2,978140284
2765,3456,26,1399,3,978139827
2766,3457,26,2086,3,978271624
2767,3458,26,2013,4,978140997
2768,3460,26,2014,3,978140049
2769,3461,26,1266,3,978146649
2770,3462,26,2734,4,978141204
2771,3463,26,2737,3,978145407
2772,3465,26,3032,3,978138682
2773,3466,26,3033,4,978146800
2774,3467,26,250,4,978141219
2775,3468,26,2234,3,978141688
2776,3470,26,3040,2,978274244
2777,3471,26,2971,3,978271918
2778,3472,26,891,4,978273268
2779,3473,26,820,2,978140333
2780,3475,26,822,2,978274244
2781,3476,26,753,3,978145597
2782,3477,26,3546,4,978275316
2783,3478,26,1279,2,978146940
2784,3480,26,3475,5,978141633
2785,3481,26,991,2,978271488
2786,3482,26,686,3,978146288
2787,3483,26,2678,1,978146876
2788,3485,26,1808,5,978275083
2789,3486,26,330,1,978145560
2790,3487,26,258,3,978271884
2791,3488,26,11,3,978271282
2792,3490,26,2972,3,978271692
2793,3491,26,334,1,978130782
2794,3492,26,3046,3,978141494
2795,3493,26,2244,4,978146619
2796,3495,26,2245,3,978271461
2797,3496,26,336,3,978139421
2798,3497,26,265,2,978140520
2799,3498,26,194,3,978271857
2800,3500,26,2175,5,978146718
2801,3501,26,2177,3,978141664
2802,3502,26,1350,3,978139015
2803,3503,26,1483,1,978142451
2804,3505,26,2179,2,978147012
2805,3506,26,2106,1,978141688
2806,3507,26,2180,3,978142861
2807,3508,26,1356,1,978143197
2808,3510,26,3484,3,978271401
2809,3511,26,1001,3,978273355
2810,3512,26,1003,3,978139894
2811,3513,26,1812,3,978140311
2812,3515,26,1886,3,978272643
2813,3516,26,1887,3,978273004
2814,3517,26,409,5,978144309
2815,3518,26,1815,2,978144324
2816,3520,26,2691,2,978139536
2817,3521,26,1889,3,978146686
2818,3522,26,3421,3,978271603
2819,3523,26,1890,3,978142912
2820,3525,26,341,1,978140097
2821,3526,26,1820,3,978139827
2822,3527,26,2253,5,978139101
2823,3528,26,274,3,978140162
2824,3530,26,2988,3,978145836
2825,3531,26,1360,4,978141896
2826,3532,26,1361,2,978142672
2827,3533,26,2191,3,978141339
2828,3535,26,842,4,978139520
2829,3536,26,771,3,978144236
2830,3537,26,3635,2,978143197
2831,3538,26,1367,3,978272215
2832,3540,26,3637,3,978142486
2833,3541,26,3639,4,978142043
2834,3542,26,1008,3,978271421
2835,3543,26,775,1,978139991
2836,3545,26,1009,2,978140454
2837,3546,26,3570,2,978273135
2838,3547,26,1893,4,978146540
2839,3548,26,779,1,978141204
2840,3550,26,1898,4,978138630
2841,3551,26,347,3,978144538
2842,3552,26,421,3,978145105
2843,3553,26,1900,4,978141494
2844,3555,26,2335,3,978146985
2845,3556,26,426,1,978140438
2846,3557,26,353,5,978138642
2847,3558,26,3138,4,978141354
2848,3560,26,2338,3,978141079
2849,3561,26,2995,3,978140187
2850,3562,26,2339,3,978141664
2851,3563,26,2193,3,978146800
2852,3565,26,2267,2,978140566
2853,3566,26,2194,5,978384764
2854,3567,26,39,3,978271401
2855,3568,26,2341,4,978273066
2856,3570,26,1567,4,978144324
2857,3571,26,1437,2,978145597
2858,3572,26,1370,2,978145310
2859,3573,26,2198,3,978142510
2860,3575,26,2200,4,978138575
2861,3576,26,1373,5,978140863
2862,3577,26,2201,3,978271640
2863,3578,26,1374,5,978141439
2864,3580,26,1086,4,978140997
2865,3581,26,2847,4,978130465
2866,3582,26,2848,4,978144159
2867,3583,26,2850,3,978141583
2868,3585,26,1023,2,978273268
2869,3586,26,429,2,978145481
2870,3587,26,3142,3,978271488
2871,3588,26,2711,3,978271603
2872,3590,26,432,3,978140370
2873,3591,26,2343,4,978147114
2874,3592,26,361,3,978271665
2875,3593,26,2344,2,978146047
2876,3595,26,45,5,978275432
2877,3596,26,1503,3,978140139
2878,3597,26,365,2,978139503
2879,3598,26,3151,3,978275185
2880,3600,26,2350,2,978146974
2881,3601,26,1506,3,978140344
2882,3602,26,3516,4,978147104
2883,3603,26,508,5,978130485
2884,3605,26,437,3,978140997
2885,3606,26,438,2,978142561
2886,3607,26,367,1,978140333
2887,3608,26,514,3,978271809
2888,3610,26,442,1,978139936
2889,3611,26,2352,3,978146923
2890,3612,26,3084,5,978272609
2891,3613,26,2355,2,978141566
2892,3615,26,2284,5,978141602
2893,3616,26,374,4,978140997
2894,3617,26,3014,4,978144939
2895,3618,26,375,4,978144788
2896,3620,26,1583,3,978271571
2897,3621,26,2287,3,978138608
2898,3622,26,2361,3,978145526
2899,3623,26,1518,2,978141377
2900,3625,26,3741,3,978141913
2901,3626,26,3522,3,978273135
2902,3627,26,3523,3,978141721
2903,3628,26,2723,1,978141700
2904,3630,26,2726,2,978147128
2905,3631,26,2727,2,978141602
2906,3632,26,447,2,978144498
2907,3633,26,1926,2,978146835
2908,3635,26,2729,3,978143298
2909,3636,26,2730,1,978146047
2910,3637,26,377,3,978271918
2911,3638,26,1929,3,978140772
2912,3640,26,378,3,978142952
2913,3641,26,452,2,978140530
2914,3642,26,526,4,978130782
2915,3643,26,62,4,978143951
2916,3645,26,3240,5,978146900
2917,3646,26,1657,5,978130729
2918,3647,26,64,2,978141204
2919,3648,26,2223,1,978142589
2920,3650,26,2301,2,978146955
2921,3651,26,1530,3,978271742
2922,3652,26,1467,2,978139182
2923,3653,26,1935,2,978146955
2924,3655,26,1936,1,978139721
2925,3656,26,2874,3,978271539
2926,3657,26,1120,4,978141879
2927,3658,26,2807,3,978271871
2928,3660,26,606,3,978140566
2929,3661,26,460,3,978271588
2930,3662,26,1664,2,978139311
2931,3663,26,536,2,978138972
2932,3665,26,1665,3,978139991
2933,3666,26,1595,4,978138784
2934,3667,26,464,3,978144646
2935,3668,26,74,4,978141079
2936,3670,26,3179,2,978276085
2937,3671,26,3180,2,978145803
2938,3672,26,1599,3,978271624
2939,3673,26,3181,3,978130684
2940,3675,26,1600,3,978271448
2941,3676,26,2307,3,978141913
2942,3677,26,103,2,978138608
2943,3678,26,1943,4,978141820
2944,3680,26,2882,3,978147235
2945,3681,26,1946,3,978273066
2946,3682,26,2885,2,978145709
2947,3683,26,2813,3,978271461
2948,3685,26,3618,4,978275503
2949,3686,26,609,2,978145202
2950,3687,26,1059,3,978141633
2951,3688,26,537,3,978271857
2952,3690,26,3621,3,978147235
2953,3691,26,539,3,978140370
2954,3692,26,468,4,978140977
2955,3693,26,469,3,978145453
2956,3695,26,3184,2,978138847
2957,3696,26,1673,3,978144338
2958,3697,26,3185,2,978141649
2959,3698,26,1674,3,978139653
2960,3700,26,3187,3,978271665
2961,3701,26,3189,4,978139867
2962,3702,26,2460,5,978273113
2963,3703,26,3191,3,978275758
2964,3705,26,1544,3,978138705
2965,3706,26,2319,3,978144832
2966,3707,26,1546,4,978144806
2967,3708,26,1548,2,978142647
2968,3710,26,1952,5,978142127
2969,3711,26,1203,2,978271358
2970,3712,26,3766,3,978271421
2971,3713,26,3622,3,978147261
2972,3715,26,547,3,978271900
2973,3716,26,1069,4,978273251
2974,3717,26,477,4,978130485
2975,3718,26,3263,3,978147180
2976,3720,26,1741,3,978141134
2977,3721,26,624,3,978138886
2978,3722,26,3193,5,978271858
2979,3723,26,3340,2,978271489
2980,3725,26,484,2,978146357
2981,3726,26,2395,3,978141688
2982,3727,26,93,3,978275270
2983,3728,26,94,4,978139854
2984,3730,26,2324,2,978146155
2985,3731,26,1618,3,978146686
2986,3732,26,3200,1,978146180
2987,3733,26,2471,2,978139357
2988,3735,26,121,2,978141322
2989,3736,26,1553,3,978271769
2990,3737,26,2401,5,978141095
2991,3738,26,124,3,978275083
2992,3740,26,1557,2,978141204
2993,3741,26,1283,2,978146594
2994,3742,26,983,2,978273596
2995,3743,26,2038,3,978275538
2996,3745,26,2041,3,978141896
2997,3746,26,1288,4,978140830
2998,3747,26,1075,3,978146594
2999,3748,26,1077,3,978139611
3000,3750,26,1082,2,978143197
3001,3751,26,488,3,978139421
3002,3752,26,1747,3,978139159
3003,3753,26,2473,5,978142080
3004,3755,26,2402,3,978146900
3005,3756,26,3206,3,978139333
3006,3757,26,2405,3,978147163
3007,3758,26,496,5,978271741
3008,3760,26,1633,4,978143842
3009,3761,26,207,2,978144615
3010,3762,26,134,2,978140333
3011,3763,26,2043,2,978141807
3012,3765,26,1221,4,978143197
3013,3766,26,1227,3,978146594
3014,3767,26,1228,3,978142647
3015,3768,27,2919,2,978129223
3016,3770,27,1231,5,978128920
3017,3771,27,1233,5,978129176
3018,3772,27,1165,4,978129392
3019,3773,27,1235,5,978130092
3020,3775,27,1172,3,978129368
3021,3776,27,3367,5,978129176
3022,3777,27,3296,5,978129223
3023,3778,27,2,1,978129692
3024,3780,27,2070,2,978129642
3025,3781,27,1998,4,978129222
3026,3782,27,1246,3,978129566
3027,3783,27,1248,5,978129222
3028,3785,27,298,4,978128821
3029,3786,27,1257,5,978129368
3030,3787,27,316,4,978129982
3031,3788,27,1263,4,978129053
3032,3790,27,2962,5,978129302
3033,3791,27,2969,4,978129527
3034,3792,27,894,5,978129418
3035,3793,27,1275,5,978129509
3036,3795,27,258,5,978129642
3037,3796,27,899,5,978129302
3038,3797,27,2106,4,978129642
3039,3798,27,901,5,978129836
3040,3800,27,905,4,978129368
3041,3801,27,911,4,978129176
3042,3802,27,912,5,978129768
3043,3803,27,2118,5,978129223
3044,3805,27,848,5,978128786
3045,3806,27,919,5,978129222
3046,3807,27,1374,5,978129418
